,alpha116,alpha142,alpha001,alpha144,alpha003,alpha148,alpha011,alpha051,alpha110,alpha075,alpha023,alpha169,alpha070,alpha108,alpha068,alpha082,alpha166,alpha171,alpha162,alpha056,alpha163,alpha069,alpha183,alpha167,alpha160,alpha146,alpha067,alpha176,alpha066,alpha083,alpha161,alpha015,alpha065,alpha147,alpha084,alpha143,alpha064,alpha100,alpha063,alpha062,alpha079,alpha145,alpha013,alpha080,alpha165,alpha149,alpha081,alpha111,alpha175,alpha107,alpha113,alpha026,alpha028,alpha098,alpha128,alpha074,alpha022,alpha104,alpha025,alpha182,alpha187,alpha055
alpha116,1.0,0.4294211254282641,0.4742732143380545,0.48797859117025855,-0.2545410249281284,0.4717776339695889,-0.19256383608364724,0.371422559422989,0.6797415337593316,0.6071291440307519,0.6071291440307519,-0.317254673261854,0.2295230483693106,0.31831713725234706,0.20273341920594626,0.2270873252299064,0.4057571687917285,0.024247621436003987,0.37644584836890777,0.14676646907578586,-0.36556944174252015,0.2085259028886685,0.26829528042639716,-0.38927790802341433,0.3703863635870864,0.24927926702705444,0.18142183730621006,0.001743712540628302,0.15972099475709645,0.2418980177076443,-0.3627365046836091,0.00520952462163239,0.1828163367727742,0.1741594645701607,0.20795344739866536,0.1626460351723435,0.1613780614298984,-0.2796847304905606,0.13772486077225185,0.10551530001052939,0.23253526768153393,0.20736786246637773,-0.27801873632596885,0.21606175622756188,-0.2967533888572146,0.21188374148149766,0.20359357888861687,0.046107626574419025,-0.11230107305924425,0.2828204814913395,-0.08202052988255076,-0.014470007681678127,0.010210728426821386,-0.2605935293246111,0.12007966264852013,0.3496032533764938,0.3496032533764938,-0.2114772326515476,-0.031656665102859236,-0.04201300585270973,0.03242802743947945,0.11402648205939893
alpha142,0.4294211254282641,1.0,0.6709507141890442,0.6802524967207244,-0.5400310210740792,0.8298848923388464,-0.4649071196575302,0.5857311574804386,0.5194983557170764,0.45511480069884436,0.45511480069884436,-0.33340859164706643,0.4971561594781384,0.09122092912590218,0.4470435772000008,0.5013140726859792,0.2923365316567856,0.0733277541792435,0.2870584791725971,0.18891053155155607,-0.3005954146951975,0.4499628761047143,0.37911295895215796,-0.31370796164026016,0.32423547200251346,0.6270583324763677,0.3973649163234022,-0.07336713560435065,0.344035137687208,0.4838483010190053,-0.3574572163428856,0.014394929625544624,0.3987342398420999,0.34904233663727,0.40359369982178106,0.34986225387304193,0.3432756716229496,-0.05098375537045039,0.2856053408343955,0.21442048353025187,0.24561085186703255,0.3825654481993428,-0.03774631116789977,0.22158797622302603,-0.26315261251587374,0.3919637712255312,0.19818343416568307,-0.08760838946498743,-0.16419240587035214,0.4219887206676629,0.12131439678225517,-0.06266015000799548,0.05155967812108997,-0.013658912863634591,0.10990335963358534,0.3050200140804373,0.3050200140804373,0.012130153727165494,-0.06728348463331138,-0.06789803164920573,0.049904627775027764,0.14147488786343412
alpha001,0.4742732143380545,0.6709507141890442,1.0,0.44994515710266214,-0.560423338434386,0.5933491539687387,-0.5188188828850064,0.5139960311820979,0.6711904850968531,0.47584005607616614,0.47584005607616614,-0.3399373501982338,0.5063031552784909,0.19669532729596462,0.4748777405913911,0.5071554280231678,0.3607465716898915,0.03486623924012804,0.3317721406371999,0.061429762592496745,-0.29983922102183086,0.45593191528759325,0.4822377256329023,-0.3225768807114011,0.41177184734938777,0.44084213174592357,0.4245407876535778,-0.1214606592155063,0.3706565903033614,0.49601237485602706,-0.3726600526881413,-0.0371533720480025,0.42898248429166996,0.35279542146269466,0.4218440547384002,0.3232993045305207,0.37671058255969986,-0.12410331124270428,0.32169114457657844,0.25723987046395674,0.13492195883319433,0.38419481709648834,-0.11108189549174732,0.11170356307060293,-0.2632497368488973,0.38038254678930405,0.09431404570198713,0.03177217134911572,0.05780683074192114,0.5667077753040533,-0.013777746163212317,-0.04390157196209613,0.0019578069802106655,-0.09278045841154842,0.15487615955565578,0.2854959028496158,0.2854959028496158,-0.08946216560289262,-0.044781704499725086,-0.03524521099361864,0.04505365786760406,0.012052003600801376
alpha144,0.48797859117025855,0.6802524967207244,0.44994515710266214,1.0,-0.28018742737057406,0.8882214323248148,-0.18055659953815684,0.5635592133286064,0.41901191724059617,0.5404074325412531,0.5404074325412531,-0.32276568846255743,0.2267125740315821,0.024105689845785157,0.18326867166221741,0.26592650537128787,0.38003700875304036,0.13952189650554206,0.3697503402710347,0.24617345974909,-0.4165709941455364,0.18975219866490672,0.12362308030022298,-0.43599530006485676,0.31523861130115743,0.6447716729022686,0.14281105368443064,0.03091869169384093,0.11330201399064896,0.3234266255292964,-0.40329063204239607,0.05234570383569291,0.1711702227597374,0.1948800595746647,0.3153949557682447,0.20011814378823167,0.12578802472793035,-0.13218181161921452,0.08937800428561879,0.05050697262637873,0.4714912856845792,0.2416210898484549,-0.13150603969450703,0.45535915194205107,-0.3708059861496175,0.253580107468064,0.43412761166068053,-0.002365336601876632,-0.36125630056127556,0.23759601572095565,-0.030131586843205403,-0.06608247383847422,0.014924743337686622,-0.1037995630598384,0.03861005254629405,0.41327784582285626,0.41327784582285626,-0.03658581250480632,-0.05239432179045336,-0.04978504295612026,0.014309349962899832,0.21466619546326218
alpha003,-0.2545410249281284,-0.5400310210740792,-0.560423338434386,-0.28018742737057406,1.0,-0.4596758317301625,0.7095666838848811,-0.5555261575791848,-0.49702389575404843,-0.27549721503960345,-0.27549721503960345,0.2513354487083146,-0.8375264819737958,-0.2120128209430687,-0.797164397029417,-0.8368854108012187,-0.19979750987412354,-0.07703180005372476,-0.16588698925228873,-0.07592973816242812,0.12754735856262908,-0.7729092944042318,-0.36277024357662263,0.1313398975589505,-0.2037290018635101,-0.3735648709668833,-0.7336286158550621,0.3043345756832748,-0.6583157060118998,-0.7573825000678859,0.157981255025658,0.09679693043748748,-0.7385787838043677,-0.5327107952463009,-0.6159959339393,-0.496041678652825,-0.6727472614323953,-0.06572959004548942,-0.5970068351287527,-0.5054758672433919,0.08161041349831069,-0.5586486065479559,-0.10595050344574658,0.11003859337316911,0.08187715245571792,-0.5516346183565239,0.1312792917205574,-0.010576874056487029,-0.10496691970195125,-0.3889378844599642,-0.019935925815750422,-0.028632408771225124,-0.07753024224699812,-0.13157279699777422,-0.2473954196630228,-0.1370908259498949,-0.1370908259498949,-0.0886602838481914,-0.01740619165451801,0.007420545531947173,-0.04184490431618181,-0.016912902396411838
alpha148,0.4717776339695889,0.8298848923388464,0.5933491539687387,0.8882214323248148,-0.4596758317301625,1.0,-0.34762525034941444,0.6043927190546508,0.5268300160559016,0.5563142120774272,0.5563142120774272,-0.3393150112487411,0.4123477419871614,0.05014736647535709,0.36215031147852816,0.44554083983870146,0.3841331176181593,0.10235204821222872,0.35368036355406934,0.17864654026836704,-0.37417011199911415,0.3641614545950071,0.227818744092781,-0.41716086981533573,0.3475543372576118,0.8304972880964139,0.31178443065781847,-0.042647218522211795,0.26379304617748117,0.47313402390634707,-0.40345134584006226,0.019670427608411603,0.3320486628668638,0.3032955758127661,0.417736272929715,0.29743523698739643,0.2774569523829213,-0.11051547392652804,0.22399010448117881,0.1593163104243449,0.3428217790640388,0.33827369762123655,-0.09821882139186679,0.32130037764088376,-0.35895123302597454,0.3536971396325604,0.2978771676487265,-0.03499527635345966,-0.20718130992052264,0.3436427126081345,0.009658361085266205,-0.07601428173764775,0.020860228298177227,-0.07080883764492055,0.07908834650615627,0.42038299381575145,0.42038299381575145,-0.03880505182205321,-0.0666230650475779,-0.05381915646119909,0.03423569319335765,0.1365508009172392
alpha011,-0.19256383608364724,-0.4649071196575302,-0.5188188828850064,-0.18055659953815684,0.7095666838848811,-0.34762525034941444,1.0,-0.3778718032591404,-0.4042438940280064,-0.18582688828412888,-0.18582688828412888,0.1691687591081957,-0.6120139941214704,-0.1799343743629596,-0.590428206844475,-0.6372860669942593,-0.16767430071571915,-0.11612894703804087,-0.14895443134275443,-0.15326062890379133,0.09919597736794612,-0.563080734132187,-0.34462418771729675,0.0987433178156701,-0.20715157097259396,-0.2798086078142936,-0.5433054416075326,0.35502220019922487,-0.49428657423530337,-0.5906707246268729,0.13533768160286058,0.045398559126630225,-0.5386334589418788,-0.46505207937046816,-0.498723272508004,-0.4316548669115784,-0.48964416400232763,-0.10499310496430063,-0.43797009545747134,-0.37874414588170413,0.12166583961807781,-0.48317112540232987,-0.14847870907336772,0.15066347999932514,0.06757284126914724,-0.46809439215927484,0.17427063654641506,0.030779729493883762,-0.09727297427724566,-0.3427306842163809,-0.05585224324872269,-0.038398239123195295,-0.06582570430274967,-0.16094909582871186,-0.17876258263884726,-0.0691667138714748,-0.0691667138714748,-0.12160641690970278,-0.027860341177438054,0.021485048350412726,-0.060948246109446304,-0.09275153728958818
alpha051,0.371422559422989,0.5857311574804386,0.5139960311820979,0.5635592133286064,-0.5555261575791848,0.6043927190546508,-0.3778718032591404,1.0,0.45450562479166057,0.40626014560923335,0.40626014560923335,-0.325371715022838,0.5564826256657515,-0.08107173967242622,0.516888985924295,0.4909940358453524,0.2778461671847015,0.3597724576104005,0.2835243377796202,0.3772313727040683,-0.3965399601222346,0.5008684206042285,0.2526119366015714,-0.39861647803267497,0.21706122932178942,0.4101836629845154,0.46259001953146767,-0.0916131265129166,0.40785944449382927,0.4418654275015522,-0.3981761010057118,-0.048887446020222124,0.4863319312647898,0.37218904586154544,0.3452900661309271,0.34042712327104646,0.4269209381442805,-0.1633520042719851,0.3707124542559559,0.29571651819269157,0.6644087290359358,0.3898990989035481,-0.13793917931815444,0.6358953305630741,-0.32506773618069706,0.4019757676045689,0.6057881221307828,-0.011425347494789347,-0.222538472479611,0.35750451730905003,0.04217150030325555,-0.013516344247124109,0.15019646566807704,-0.1077364325790769,0.2012786249237261,0.32030065531050894,0.32030065531050894,-0.11073296178620647,-0.01639987799111685,-0.0024420757958125033,0.036457533675908774,0.3304013210426938
alpha110,0.6797415337593316,0.5194983557170764,0.6711904850968531,0.41901191724059617,-0.49702389575404843,0.5268300160559016,-0.4042438940280064,0.45450562479166057,1.0,0.5565318569697051,0.5565318569697051,-0.3148305632134999,0.43742591447009255,0.17858138473807622,0.4082457325503437,0.44330644075164033,0.37520432765643935,0.03522211369271314,0.33663271423488794,0.07727924516795624,-0.3163481461642889,0.3919183988652076,0.39931585859411894,-0.35165547280341314,0.37019079186490944,0.37267222595841853,0.36269420046449186,-0.09980426093852907,0.3164665556438437,0.44845423422389213,-0.3522263030636002,-0.03444032802810945,0.3792816153885148,0.30338349188727654,0.38194406159190625,0.2833502666464248,0.3322346804711794,-0.15330846133963827,0.2844930076709657,0.2305873479521332,0.11532739664383022,0.3387513041886929,-0.14560465606758474,0.09309722941810672,-0.28057976089317477,0.33537049753479814,0.07468878660580426,0.1757847664805091,0.05171227978159033,0.5364337518364024,-0.06585852436843684,-0.019415506006872904,0.004782620641228096,-0.12213765914477749,0.16991473868496237,0.3257920259969252,0.3257920259969252,-0.1255351567073524,-0.02247669622808368,-0.012502666086337424,0.03813508749489077,0.02607945217881307
alpha075,0.6071291440307519,0.45511480069884436,0.47584005607616614,0.5404074325412531,-0.27549721503960345,0.5563142120774272,-0.18582688828412888,0.40626014560923335,0.5565318569697051,1.0,1.0,-0.3976229788366001,0.25117994822376666,0.14587178328171832,0.2306077378122798,0.27624862098367386,0.47913543589570584,0.05885907263194222,0.44555324125784634,0.07518110400962445,-0.4428352312186636,0.22917041089782733,0.1572762933629637,-0.4743523344621394,0.4297650727676607,0.4153502066799682,0.20845380991219095,-0.023131091107828898,0.18781390358918645,0.31968517108236316,-0.4386952796605688,-0.0007796966988354885,0.2085258339997594,0.21561818049042863,0.3066401718260005,0.194313474435272,0.1861276860263215,-0.18890669396911192,0.16417239722958135,0.13502176376838698,0.2674793373395613,0.23493385081034712,-0.18744894055173839,0.2516849669195226,-0.42554532073853285,0.25041887989116074,0.23422163168554222,0.03403352034571343,-0.08147654770319679,0.23793444096020924,-0.01390628887737147,-0.0010303628632830886,0.022412238296946756,-0.1619442708911972,0.11219284576222786,0.6221705164808585,0.6221705164808585,-0.131460335233655,-0.019528469009205417,0.009035174588083218,0.02955968343103416,0.061254962857235556
alpha023,0.6071291440307519,0.45511480069884436,0.47584005607616614,0.5404074325412531,-0.27549721503960345,0.5563142120774272,-0.18582688828412888,0.40626014560923335,0.5565318569697051,1.0,1.0,-0.3976229788366001,0.25117994822376666,0.14587178328171832,0.2306077378122798,0.27624862098367386,0.47913543589570584,0.05885907263194222,0.44555324125784634,0.07518110400962445,-0.4428352312186636,0.22917041089782733,0.1572762933629637,-0.4743523344621394,0.4297650727676607,0.4153502066799682,0.20845380991219095,-0.023131091107828898,0.18781390358918645,0.31968517108236316,-0.4386952796605688,-0.0007796966988354885,0.2085258339997594,0.21561818049042863,0.3066401718260005,0.194313474435272,0.1861276860263215,-0.18890669396911192,0.16417239722958135,0.13502176376838698,0.2674793373395613,0.23493385081034712,-0.18744894055173839,0.2516849669195226,-0.42554532073853285,0.25041887989116074,0.23422163168554222,0.03403352034571343,-0.08147654770319679,0.23793444096020924,-0.01390628887737147,-0.0010303628632830886,0.022412238296946756,-0.1619442708911972,0.11219284576222786,0.6221705164808585,0.6221705164808585,-0.131460335233655,-0.019528469009205417,0.009035174588083218,0.02955968343103416,0.061254962857235556
alpha169,-0.317254673261854,-0.33340859164706643,-0.3399373501982338,-0.32276568846255743,0.2513354487083146,-0.3393150112487411,0.1691687591081957,-0.325371715022838,-0.3148305632134999,-0.3976229788366001,-0.3976229788366001,1.0,-0.22047206439788122,-0.08134571270227499,-0.1881806441447281,-0.22823522569262,-0.24556724160257934,-0.09054410064022324,-0.2637309843376988,-0.07210182719479225,0.3196694929787113,-0.20809277274446095,-0.18554940384041316,0.32387202838110424,-0.2482997287126501,-0.24980905099565742,-0.17811860668923943,0.019593749413170606,-0.15395826521601938,-0.23477986656400476,0.30972404174065427,-0.022762263453474325,-0.1673884907183071,-0.17314227764020992,-0.1997474739719466,-0.13634490402744157,-0.15590584965826157,0.13299701437988112,-0.1294108660864673,-0.0919530565490653,-0.2110171240207525,-0.18341406612983077,0.12747340458181702,-0.19636566940520037,0.2705955362388873,-0.18584026720047786,-0.17912406389097726,-0.027230814852872917,0.08305793844370875,-0.22938328094201196,0.017672177274238803,0.03184604060775382,-0.012906293550378575,0.11124824199087383,-0.03727660755801089,-0.2983109858955205,-0.2983109858955205,0.09694143935885406,0.05256302511689144,0.0211954125128635,-0.02003623091204006,-0.06429072390951578
alpha070,0.2295230483693106,0.4971561594781384,0.5063031552784909,0.2267125740315821,-0.8375264819737958,0.4123477419871614,-0.6120139941214704,0.5564826256657515,0.43742591447009255,0.25117994822376666,0.25117994822376666,-0.22047206439788122,1.0,0.2615655749721993,0.9402504266218625,0.8711388422591136,0.15674005632106178,0.08645447757871855,0.13232470724251064,0.05040525572150527,-0.061042704184350066,0.9711385753449342,0.29114071272130304,-0.06822628675931877,0.17836221566566024,0.37181289580582744,0.9172782328579234,-0.3856994704240647,0.8898368615841633,0.7250364954992476,-0.09409879013267956,-0.1858198189335312,0.8518973620248285,0.6430170182964393,0.5606460628037799,0.5912243642333643,0.8312546140078674,0.009615462050850846,0.8139424991749776,0.6820193084608401,-0.13192052152760686,0.6370901209414789,0.06275948632964887,-0.15620667567973257,-0.05622610740991158,0.6485774111345131,-0.16966420794640774,0.016679387352499277,0.22287983432357097,0.2905548495916245,0.0013997583017316736,0.1800552548983675,0.320406203037215,0.09830377162477481,0.32504925226866355,0.12690437092961893,0.12690437092961893,0.02905030045971451,0.036677604745798384,0.005826847968882912,0.02165643191979449,0.015997379962499815
alpha108,0.31831713725234706,0.09122092912590218,0.19669532729596462,0.024105689845785157,-0.2120128209430687,0.05014736647535709,-0.1799343743629596,-0.08107173967242622,0.17858138473807622,0.14587178328171832,0.14587178328171832,-0.08134571270227499,0.2615655749721993,1.0,0.27174874938418464,0.2505009946602301,0.11437716924997242,-0.25694613408858596,0.12654962504495057,-0.21707296407735058,0.07359983847383433,0.2564504695009334,0.13034501611991345,0.09585370957927082,0.17628412020965528,0.008965895854982475,0.2687903754572582,-0.14393562849333194,0.25116844472094707,0.22518232546767752,0.10876757764854124,-0.07682489321740958,0.2571594340041571,0.1623886868436337,0.18968450630732045,0.1728366157594404,0.25643212900626683,-0.07609414535771593,0.24064055669234624,0.230418856955212,-0.2881983281344795,0.1723649990058422,-0.06471878521477639,-0.2858842235406638,0.11736909420989251,0.1758708644700805,-0.2669143358628035,-0.013681343127280466,0.322676808754258,-0.017917286335864237,-0.04387927345781539,0.06980751634455357,0.08838332092374607,-0.055425463343075826,0.15104482842234251,-0.05340445061022367,-0.05340445061022367,-0.06520435284727216,0.05249936909932792,-0.022023849495235143,0.036972247653186296,-0.23218252448067378
alpha068,0.20273341920594626,0.4470435772000008,0.4748777405913911,0.18326867166221741,-0.797164397029417,0.36215031147852816,-0.590428206844475,0.516888985924295,0.4082457325503437,0.2306077378122798,0.2306077378122798,-0.1881806441447281,0.9402504266218625,0.27174874938418464,1.0,0.8510767664030578,0.1421688279119644,0.11401339435931225,0.11883144012215749,0.018111587851022005,-0.0381095132726414,0.9071607373279933,0.26334434654763966,-0.04658509035622273,0.16285864967943595,0.3438499775325011,0.9679010729518076,-0.4598609988831039,0.9299600271819268,0.6908609024403612,-0.07044625183619882,-0.24013662123571983,0.895947994404591,0.6952530735093174,0.5269376898767814,0.6295740090469456,0.8670205259402641,-0.015517985641013352,0.8405185705860392,0.8132512959403363,-0.15450253112788812,0.6601238383052673,0.04892344654701825,-0.17538392455676402,-0.03470706770407074,0.6843472166133571,-0.1850172333905912,0.022652402194497257,0.2744727187642058,0.25970361623230237,-0.00449141140384547,0.256649635489803,0.3868064624483349,0.08918544698049015,0.3955169513097739,0.12086416761900148,0.12086416761900148,0.004519966480765744,0.23080692448873,-0.001571749503065198,0.029259628865154822,-0.014845344986608352
alpha082,0.2270873252299064,0.5013140726859792,0.5071554280231678,0.26592650537128787,-0.8368854108012187,0.44554083983870146,-0.6372860669942593,0.4909940358453524,0.44330644075164033,0.27624862098367386,0.27624862098367386,-0.22823522569262,0.8711388422591136,0.2505009946602301,0.8510767664030578,1.0,0.20257975769234152,0.09628509390375471,0.16445016992099268,0.04561566025207109,-0.10087631909385149,0.8397162531067032,0.29900992803170406,-0.11856754219766927,0.21114172078714877,0.3974747564173062,0.8221842555775722,-0.38966838735137027,0.772455145497273,0.9197849715056242,-0.13820051427151905,-0.189287831734559,0.7944538891471906,0.6114684361818402,0.7607672555742748,0.5855937475259967,0.766838012020548,0.09627761016101459,0.7206963328301137,0.6416222003315676,-0.12411521218686661,0.6049548429613412,0.15133953543248932,-0.1556917715909585,-0.09112908795441954,0.6233705876608551,-0.18260614839577688,0.005314763276267632,0.1441116453188275,0.3092772628119761,0.016465304980602224,0.154563024941651,0.23932806922001315,0.18828706135644419,0.3156065330126962,0.1510497086972778,0.1510497086972778,0.12231136193515656,0.10854988878013225,0.016912853630705237,0.023227553382070193,0.00840349781319144
alpha166,0.4057571687917285,0.2923365316567856,0.3607465716898915,0.38003700875304036,-0.19979750987412354,0.3841331176181593,-0.16767430071571915,0.2778461671847015,0.37520432765643935,0.47913543589570584,0.47913543589570584,-0.24556724160257934,0.15674005632106178,0.11437716924997242,0.1421688279119644,0.20257975769234152,1.0,0.03351853511257069,0.788757976409026,0.02163373632034565,-0.625710724328846,0.1364096161046764,0.12750484330426726,-0.7748865519294612,0.6699841693733338,0.29227045693403514,0.12184034973927255,-0.013054407816360566,0.1073399200291779,0.263857472041656,-0.5657925113346447,0.028637817078507103,0.13093660610619368,0.13398747578334805,0.2642005643349373,0.11769089277418356,0.10963966793180038,-0.1373953630196755,0.09452510641792611,0.07295730704107375,0.1879699042030528,0.1610821611364034,-0.14019912164521325,0.17866432991789033,-0.5796435114238035,0.16208532875543355,0.1693950777630842,0.030993383969793852,-0.034316761285093304,0.18299743668309057,-0.035537669046102276,-0.020033451041981058,-0.028495196123369124,-0.12542172295749968,0.06262178875157891,0.5184350300659033,0.5184350300659033,-0.10229989159073738,-0.02641893295971865,-0.01889751773735606,0.01963207866120794,0.008468203231928035
alpha171,0.024247621436003987,0.0733277541792435,0.03486623924012804,0.13952189650554206,-0.07703180005372476,0.10235204821222872,-0.11612894703804087,0.3597724576104005,0.03522211369271314,0.05885907263194222,0.05885907263194222,-0.09054410064022324,0.08645447757871855,-0.25694613408858596,0.11401339435931225,0.09628509390375471,0.03351853511257069,1.0,0.059656083634980255,0.36019997531463405,-0.20521205885576713,0.10165101603014673,-0.005513554869503023,-0.20248204005596032,-0.03451766516693269,0.036224483537958645,0.13184731538008423,-0.5213644918607255,0.15459377606621358,0.04286631524768922,-0.1942926563297849,0.006885823563078013,0.2359081678460074,0.11884761919938075,0.01153824815036034,0.35458149848657705,0.25018344293004235,0.09740121297579067,0.27087023564941415,0.2899817401034944,0.33648605524203723,0.06077895515111477,0.17310370283361912,0.3163506373291481,-0.160246239924109,0.16440170709351257,0.2810590086903,-0.0004782290898080046,-0.3549842676403398,0.11705569029084484,-0.0047336969147267335,0.38499448897486915,0.4027312642726631,0.1998580507264258,0.2129648639103712,0.09297534868738931,0.09297534868738931,0.15916673515101948,0.393656508600609,0.29774415165339996,0.006225702361471514,0.3620030786733929
alpha162,0.37644584836890777,0.2870584791725971,0.3317721406371999,0.3697503402710347,-0.16588698925228873,0.35368036355406934,-0.14895443134275443,0.2835243377796202,0.33663271423488794,0.44555324125784634,0.44555324125784634,-0.2637309843376988,0.13232470724251064,0.12654962504495057,0.11883144012215749,0.16445016992099268,0.788757976409026,0.059656083634980255,1.0,0.038649640432958224,-0.7552128472966128,0.1166034745617803,0.10392273708204763,-0.6672470453204086,0.646068341153453,0.2643987382900847,0.10337255397516627,-0.011526623144102296,0.08877044466361847,0.22160558399093389,-0.5597647981608098,0.03999967054307895,0.10935278586171579,0.11202362289594027,0.22780710220125416,0.10308354587774884,0.09307680528561824,-0.1424220445532006,0.07820280869013878,0.0591300269931513,0.20933203317729743,0.14434322065238994,-0.14443528879490283,0.19820912703990104,-0.5608174013336368,0.1421061428207709,0.1848139710065194,0.02126183054199729,-0.0487031403938462,0.15144923927707937,5.960275588724639e-06,-0.02834444163718383,-0.024408082716634433,-0.12876174438425217,0.06374336931779434,0.4834439754796707,0.4834439754796707,-0.11006867169859476,-0.02563497858878405,-0.021043421821053915,0.01555874258687506,0.031855016319963084
alpha056,0.14676646907578586,0.18891053155155607,0.061429762592496745,0.24617345974909,-0.07592973816242812,0.17864654026836704,-0.15326062890379133,0.3772313727040683,0.07727924516795624,0.07518110400962445,0.07518110400962445,-0.07210182719479225,0.05040525572150527,-0.21707296407735058,0.018111587851022005,0.04561566025207109,0.02163373632034565,0.36019997531463405,0.038649640432958224,1.0,-0.20254437268763484,0.053650586852944764,0.05206451394069694,-0.19248888260537989,-0.035123380677714276,0.004876886826472413,0.01954506241707297,0.055912211487846274,0.021557216646539853,0.022892805951074995,-0.19040676819786911,0.0001545245408992551,-0.004209693441176495,0.0755675616926725,0.00356960607948863,0.05783814903450303,-0.005870060910480909,0.26851497425345927,-0.010054113851337643,-0.02279801377515212,0.3364506990065923,0.07182406957558361,0.27291505627923357,0.29676951164379917,-0.16597969158471074,0.0784706322723872,0.2489352619082267,-0.0915912314332727,-0.6700262637570689,0.1445483584323047,0.07728876476593381,-0.021441819768785716,0.07069377110372596,0.27840256387542034,0.04330784307792001,0.05186537534155073,0.05186537534155073,0.34439999267448285,-0.013468261391159158,-0.011635153625893091,0.015553337262958255,0.8759100987767904
alpha163,-0.36556944174252015,-0.3005954146951975,-0.29983922102183086,-0.4165709941455364,0.12754735856262908,-0.37417011199911415,0.09919597736794612,-0.3965399601222346,-0.3163481461642889,-0.4428352312186636,-0.4428352312186636,0.3196694929787113,-0.061042704184350066,0.07359983847383433,-0.0381095132726414,-0.10087631909385149,-0.625710724328846,-0.20521205885576713,-0.7552128472966128,-0.20254437268763484,1.0,-0.04462407491187536,-0.08422783500525058,0.8221940236400059,-0.46202918075928984,-0.25565130272019804,-0.022030006481576433,-0.050823174541012844,-0.004660022753504406,-0.15740461894618343,0.7027895431386895,-0.07582978556555663,-0.036177542315492105,-0.07372132539589728,-0.1582549364669849,-0.058998056458524434,-0.018681750834676502,0.12476969285921041,0.0016659635445476005,0.023838623115203454,-0.38462011626157744,-0.10565288823916826,0.12883219619258623,-0.36471563372555355,0.684255046527162,-0.10029336047808413,-0.3342331542961975,-0.012351702725401807,0.23470151054635457,-0.1883963480102126,-0.0109636159962372,0.05652340236399781,0.04613093419471014,0.11541907017430889,-0.03228371968614096,-0.45026870289720355,-0.45026870289720355,0.08798639796436573,0.054487116272113396,0.02168168121940064,-0.0180090524122461,-0.19515813270350443
alpha069,0.2085259028886685,0.4499628761047143,0.45593191528759325,0.18975219866490672,-0.7729092944042318,0.3641614545950071,-0.563080734132187,0.5008684206042285,0.3919183988652076,0.22917041089782733,0.22917041089782733,-0.20809277274446095,0.9711385753449342,0.2564504695009334,0.9071607373279933,0.8397162531067032,0.1364096161046764,0.10165101603014673,0.1166034745617803,0.053650586852944764,-0.04462407491187536,1.0,0.25661196737165304,-0.052703864025199464,0.15886689406029572,0.33345607723912957,0.9420141606666826,-0.3945988777485213,0.914307480099103,0.6826495277266875,-0.07792473701136843,-0.19442497820492757,0.8134233113071743,0.6474094874403447,0.5237914697439838,0.5924616540330659,0.854783393675979,0.018907380591972313,0.8366935642899974,0.7005195130304421,-0.1376458332832742,0.636484819478432,0.07426538881659826,-0.15981229550357376,-0.047163092148416345,0.6501026107202986,-0.17166259333424996,0.020802851235878807,0.20567585102276678,0.25169633712255635,-0.010441507671328716,0.17980025401585606,0.3356683094924417,0.11158767909880674,0.32924636561224935,0.11884557273453601,0.11884557273453601,0.04294748900799783,0.03870689438690513,0.01598163634046593,0.01517393965824195,0.03475927619193434
alpha183,0.26829528042639716,0.37911295895215796,0.4822377256329023,0.12362308030022298,-0.36277024357662263,0.227818744092781,-0.34462418771729675,0.2526119366015714,0.39931585859411894,0.1572762933629637,0.1572762933629637,-0.18554940384041316,0.29114071272130304,0.13034501611991345,0.26334434654763966,0.29900992803170406,0.12750484330426726,-0.005513554869503023,0.10392273708204763,0.05206451394069694,-0.08422783500525058,0.25661196737165304,1.0,-0.09176036236181549,0.22403647403310112,0.08871431124490577,0.2265542868861322,-0.04400200730831771,0.19170363499732487,0.28522147531256065,-0.20248392508871918,-0.02215450670690332,0.2320130219726538,0.17212200755980075,0.23263970075854346,0.17196901453834576,0.19384651137660502,0.026500004061030737,0.15849867031607723,0.11541843891671266,0.01463908462760841,0.21325976949613087,0.024910418791660484,0.0014306767561021651,-0.047551087177064195,0.19167678120849074,-0.007193662964684544,0.0511645595001896,-0.0010621082248620645,0.5235697471924309,-0.07548965311794793,-0.048075939195503424,-0.04951931424172184,0.036466985073893524,0.08278059526583413,0.023450117739353935,0.023450117739353935,0.04932909193407358,-0.04373880909768268,-0.03326989828970491,0.06532237705051039,0.012703116835005837
alpha167,-0.38927790802341433,-0.31370796164026016,-0.3225768807114011,-0.43599530006485676,0.1313398975589505,-0.41716086981533573,0.0987433178156701,-0.39861647803267497,-0.35165547280341314,-0.4743523344621394,-0.4743523344621394,0.32387202838110424,-0.06822628675931877,0.09585370957927082,-0.04658509035622273,-0.11856754219766927,-0.7748865519294612,-0.20248204005596032,-0.6672470453204086,-0.19248888260537989,0.8221940236400059,-0.052703864025199464,-0.09176036236181549,1.0,-0.5026734797788307,-0.3033781394186388,-0.031243769109678313,-0.04800849042385074,-0.017436244838738253,-0.17538045325586457,0.7432332817171795,-0.06322428230562703,-0.0472098394222917,-0.07846384907634248,-0.1725311527246166,-0.06333326458301389,-0.031094689884124786,0.14008659127311127,-0.013775505554465465,0.009138484417528615,-0.3886704959911638,-0.10200553911504293,0.1438090634588653,-0.3695231926045822,0.7620582377582322,-0.10413260490045305,-0.34106519930785334,-0.018219331356931108,0.21359115423032846,-0.21131004095249384,0.002991173657660737,0.04768015721265807,0.06146352443712054,0.13091436519464614,-0.03207504462640288,-0.4961510167074928,-0.4961510167074928,0.10325338222266335,0.052819025516514774,0.024310278083869066,-0.021218888760411506,-0.17663067569351712
alpha160,0.3703863635870864,0.32423547200251346,0.41177184734938777,0.31523861130115743,-0.2037290018635101,0.3475543372576118,-0.20715157097259396,0.21706122932178942,0.37019079186490944,0.4297650727676607,0.4297650727676607,-0.2482997287126501,0.17836221566566024,0.17628412020965528,0.16285864967943595,0.21114172078714877,0.6699841693733338,-0.03451766516693269,0.646068341153453,-0.035123380677714276,-0.46202918075928984,0.15886689406029572,0.22403647403310112,-0.5026734797788307,1.0,0.2682027900193563,0.14375325990707546,-0.023836336620315663,0.12855551582973326,0.2556158725043548,-0.6764537929640987,0.027979705925353628,0.14584912224834762,0.1422670115447195,0.25971770277798756,0.12487715633271376,0.12617711650604732,-0.10946853469673096,0.10999858246600772,0.09244612596651035,0.09123772986693385,0.1658312227047668,-0.10858329690577118,0.08115518687587468,-0.4672718113479499,0.16290034469440498,0.07260735461729056,0.017288753414673782,0.0310479743280647,0.29156624029091216,-0.0348313336094878,-0.024402859118764046,-0.031780727705608997,-0.09442188947743561,0.06904399050855949,0.41859761342903967,0.41859761342903967,-0.07817202667784126,-0.04110098739926768,-0.030389631342276378,0.03130170224958492,-0.04249189134447869
alpha146,0.24927926702705444,0.6270583324763677,0.44084213174592357,0.6447716729022686,-0.3735648709668833,0.8304972880964139,-0.2798086078142936,0.4101836629845154,0.37267222595841853,0.4153502066799682,0.4153502066799682,-0.24980905099565742,0.37181289580582744,0.008965895854982475,0.3438499775325011,0.3974747564173062,0.29227045693403514,0.036224483537958645,0.2643987382900847,0.004876886826472413,-0.25565130272019804,0.33345607723912957,0.08871431124490577,-0.3033781394186388,0.2682027900193563,1.0,0.3051237687759396,-0.10248410446652259,0.26406976533494536,0.40785682798732686,-0.28429741914807816,-0.004562035053886511,0.3314169894940128,0.2702033110910058,0.34411207849484576,0.25377831100547843,0.2907751989177636,-0.12697517405594644,0.246610808151639,0.19344422434185404,0.13967041207332273,0.262445132976965,-0.10611914432608474,0.12252784876077445,-0.29626391533720814,0.28887955720214487,0.1046734617927544,-0.03638376281817904,0.02900031922551326,0.2112982937457228,0.002209973270621899,-0.03997061610546993,0.04271323510469485,-0.08068289774648163,0.0873827943446212,0.3830563548063787,0.3830563548063787,-0.09785315758545331,-0.03482446868935559,-0.04757156082301518,0.01464989358599173,-0.010861183463404995
alpha067,0.18142183730621006,0.3973649163234022,0.4245407876535778,0.14281105368443064,-0.7336286158550621,0.31178443065781847,-0.5433054416075326,0.46259001953146767,0.36269420046449186,0.20845380991219095,0.20845380991219095,-0.17811860668923943,0.9172782328579234,0.2687903754572582,0.9679010729518076,0.8221842555775722,0.12184034973927255,0.13184731538008423,0.10337255397516627,0.01954506241707297,-0.022030006481576433,0.9420141606666826,0.2265542868861322,-0.031243769109678313,0.14375325990707546,0.3051237687759396,1.0,-0.472555751130543,0.9607664074320154,0.6481989917843247,-0.05474572617262274,-0.24978230547276067,0.8598340867740455,0.7014474447092305,0.48768794584964237,0.6329487000096624,0.8978744871950245,-0.011812656441008115,0.8701812644477868,0.8358607116456197,-0.1602134924795688,0.6605540574774776,0.055581036977100276,-0.17907174635424328,-0.025909457508242185,0.6873324782361658,-0.18712440262692442,0.027212427803804933,0.26393360458312487,0.21986957388259334,-0.017277367006022594,0.25841877601936836,0.4046032730381236,0.0976324867476368,0.40132228757321997,0.11184924326105534,0.11184924326105534,0.012300235605362158,0.23306264473203123,0.009754868480975263,0.020556135245255517,0.004430434749218626
alpha176,0.001743712540628302,-0.07336713560435065,-0.1214606592155063,0.03091869169384093,0.3043345756832748,-0.042647218522211795,0.35502220019922487,-0.0916131265129166,-0.09980426093852907,-0.023131091107828898,-0.023131091107828898,0.019593749413170606,-0.3856994704240647,-0.14393562849333194,-0.4598609988831039,-0.38966838735137027,-0.013054407816360566,-0.5213644918607255,-0.011526623144102296,0.055912211487846274,-0.050823174541012844,-0.3945988777485213,-0.04400200730831771,-0.04800849042385074,-0.023836336620315663,-0.10248410446652259,-0.472555751130543,1.0,-0.481231507212753,-0.281504077665781,-0.054767967256070374,0.09821424185831486,-0.6018299576579523,-0.3092715663447024,-0.20921847585787437,-0.6270922465851188,-0.6157131656580515,0.03931347711976429,-0.6265357710752755,-0.6576831701850466,0.19364382386505313,-0.2210060522086268,-0.0758950093467557,0.19941567909303748,-0.036878677999849174,-0.3543614569070273,0.20093750153022777,-0.03206007502286941,-0.19488407676907127,-0.040530108826827504,0.06801703098766591,-0.6209529783741167,-0.6432847999131789,-0.12424730681509664,-0.42173115413201434,-0.02338525698956465,-0.02338525698956465,-0.026118684441223235,-0.6264058333158172,-0.014121421760328325,0.11379730535772929,0.040793124734612995
alpha066,0.15972099475709645,0.344035137687208,0.3706565903033614,0.11330201399064896,-0.6583157060118998,0.26379304617748117,-0.49428657423530337,0.40785944449382927,0.3164665556438437,0.18781390358918645,0.18781390358918645,-0.15395826521601938,0.8898368615841633,0.25116844472094707,0.9299600271819268,0.772455145497273,0.1073399200291779,0.15459377606621358,0.08877044466361847,0.021557216646539853,-0.004660022753504406,0.914307480099103,0.19170363499732487,-0.017436244838738253,0.12855551582973326,0.26406976533494536,0.9607664074320154,-0.481231507212753,1.0,0.5924532857479666,-0.03911294826219303,-0.2589993969397266,0.8139119107589788,0.7111818657603621,0.44114385784523596,0.6340055396624843,0.8497924734836564,0.00044105945958438264,0.9035237109136781,0.8619925444349228,-0.1574033846476549,0.6594271249240768,0.0693428009427997,-0.1746383656918437,-0.019825604934829363,0.6907263088347859,-0.1818760652396102,0.02223378203805732,0.23950601331030028,0.18868564168236204,-0.02576455218226282,0.3815631127408158,0.41462116970650437,0.1126571820014083,0.4027480770741692,0.1057921028528323,0.1057921028528323,0.026928476058649297,0.2324033027583135,0.016415179528659393,0.013080275852690549,0.008145232676113813
alpha083,0.2418980177076443,0.4838483010190053,0.49601237485602706,0.3234266255292964,-0.7573825000678859,0.47313402390634707,-0.5906707246268729,0.4418654275015522,0.44845423422389213,0.31968517108236316,0.31968517108236316,-0.23477986656400476,0.7250364954992476,0.22518232546767752,0.6908609024403612,0.9197849715056242,0.263857472041656,0.04286631524768922,0.22160558399093389,0.022892805951074995,-0.15740461894618343,0.6826495277266875,0.28522147531256065,-0.17538045325586457,0.2556158725043548,0.40785682798732686,0.6481989917843247,-0.281504077665781,0.5924532857479666,1.0,-0.182168059367357,-0.12926520329994357,0.6356894622696267,0.5070548309253987,0.9301837236368935,0.4684480649001422,0.5935081787016092,0.1481886478801111,0.5361304266821508,0.46332697986638127,-0.07425807296454097,0.522981956633851,0.18383007978517374,-0.10595337584196068,-0.1380699402387546,0.524243067434572,-0.14085487337552868,0.021161754290804406,0.07374444580010131,0.31434973817105993,0.004194476312079875,0.05796368945644907,0.12442805977990685,0.21145134363058055,0.2246965911212592,0.2038053446448002,0.2038053446448002,0.17088789779341426,0.03075088673076631,0.026401789111877773,0.0323738310047557,-0.014634806205400962
alpha161,-0.3627365046836091,-0.3574572163428856,-0.3726600526881413,-0.40329063204239607,0.157981255025658,-0.40345134584006226,0.13533768160286058,-0.3981761010057118,-0.3522263030636002,-0.4386952796605688,-0.4386952796605688,0.30972404174065427,-0.09409879013267956,0.10876757764854124,-0.07044625183619882,-0.13820051427151905,-0.5657925113346447,-0.1942926563297849,-0.5597647981608098,-0.19040676819786911,0.7027895431386895,-0.07792473701136843,-0.20248392508871918,0.7432332817171795,-0.6764537929640987,-0.28429741914807816,-0.05474572617262274,-0.054767967256070374,-0.03911294826219303,-0.182168059367357,1.0,-0.07770588150595639,-0.06204009322115729,-0.10531230744628668,-0.1759999951636869,-0.08909699639671247,-0.043655174185829544,0.09260638345886563,-0.024129734623418185,-0.0020569104086254502,-0.36278665153680273,-0.12938590199046607,0.09745872493438566,-0.34255027051004466,0.6832184248869143,-0.12983273873142234,-0.31244430102200343,-0.024182172964190087,0.22198305033929622,-0.3273203082444841,0.016184398786856676,0.04881480011206634,0.06013702444160635,0.08506185934766997,-0.04134344096747052,-0.45551840478577754,-0.45551840478577754,0.060286392927820696,0.05919226710840423,0.008124655481199268,-0.02382134845383595,-0.18995474953136246
alpha015,0.00520952462163239,0.014394929625544624,-0.0371533720480025,0.05234570383569291,0.09679693043748748,0.019670427608411603,0.045398559126630225,-0.048887446020222124,-0.03444032802810945,-0.0007796966988354885,-0.0007796966988354885,-0.022762263453474325,-0.1858198189335312,-0.07682489321740958,-0.24013662123571983,-0.189287831734559,0.028637817078507103,0.006885823563078013,0.03999967054307895,0.0001545245408992551,-0.07582978556555663,-0.19442497820492757,-0.02215450670690332,-0.06322428230562703,0.027979705925353628,-0.004562035053886511,-0.24978230547276067,0.09821424185831486,-0.2589993969397266,-0.12926520329994357,-0.07770588150595639,1.0,-0.28655490376140524,-0.2733665691273575,-0.0818751122799105,-0.22242007910080122,-0.29887201161637184,-0.07843429167813146,-0.31228361405375554,-0.3465943790060358,0.08367131008750792,-0.24292499994923558,-0.08445634673240945,0.08439009494596664,-0.04454167381267464,-0.26202181775492106,0.07887494431106087,-0.043804616213432186,-0.08007985013472003,-0.031240882084562903,0.00944123687134316,-0.07150808707486626,-0.073887598777993,-0.07972011943873693,-0.20575083654913995,0.013473933169299285,0.013473933169299285,-0.07081255432490538,-0.08962633335005929,-0.01799997116773812,-0.018679052739019507,-0.000160161326035369
alpha065,0.1828163367727742,0.3987342398420999,0.42898248429166996,0.1711702227597374,-0.7385787838043677,0.3320486628668638,-0.5386334589418788,0.4863319312647898,0.3792816153885148,0.2085258339997594,0.2085258339997594,-0.1673884907183071,0.8518973620248285,0.2571594340041571,0.895947994404591,0.7944538891471906,0.13093660610619368,0.2359081678460074,0.10935278586171579,-0.004209693441176495,-0.036177542315492105,0.8134233113071743,0.2320130219726538,-0.0472098394222917,0.14584912224834762,0.3314169894940128,0.8598340867740455,-0.6018299576579523,0.8139119107589788,0.6356894622696267,-0.06204009322115729,-0.28655490376140524,1.0,0.5920300664366116,0.47724646926474434,0.698845592404716,0.9605089060306945,-0.07253322892428517,0.9161965581087211,0.8707587354277987,-0.13552693078130276,0.538310649099632,0.015622653569189663,-0.15266224152058028,-0.03443945792263735,0.6241006872671285,-0.15934420962262524,0.04439729861614455,0.28698505259869805,0.22628510644181304,-0.017236397967498436,0.3658822690867059,0.5075297933943375,0.07265155439729043,0.5084548902989761,0.11572692395796233,0.11572692395796233,-0.033530223124228285,0.36552412898760966,0.023777295946542404,-0.012827586481259486,-0.026241448147799804
alpha147,0.1741594645701607,0.34904233663727,0.35279542146269466,0.1948800595746647,-0.5327107952463009,0.3032955758127661,-0.46505207937046816,0.37218904586154544,0.30338349188727654,0.21561818049042863,0.21561818049042863,-0.17314227764020992,0.6430170182964393,0.1623886868436337,0.6952530735093174,0.6114684361818402,0.13398747578334805,0.11884761919938075,0.11202362289594027,0.0755675616926725,-0.07372132539589728,0.6474094874403447,0.17212200755980075,-0.07846384907634248,0.1422670115447195,0.2702033110910058,0.7014474447092305,-0.3092715663447024,0.7111818657603621,0.5070548309253987,-0.10531230744628668,-0.2733665691273575,0.5920300664366116,1.0,0.4050851024062511,0.7077961880301551,0.602049716437594,0.08182096598685033,0.6189549483485012,0.6230254426098031,-0.06712136331357549,0.8523499731247273,0.12283034798951539,-0.08796490889537861,-0.06627087665307248,0.9256101312651985,-0.10256172816238741,0.02653846153590031,0.07765411522993497,0.1917201635464116,0.003959914722913165,0.2755646177018021,0.3245981024673182,0.16232505527272376,0.26650339904627324,0.12977787866852564,0.12977787866852564,0.09520337381584415,0.22861947538473018,0.06952708629230607,-0.0016493011149372482,0.06260442212963718
alpha084,0.20795344739866536,0.40359369982178106,0.4218440547384002,0.3153949557682447,-0.6159959339393,0.417736272929715,-0.498723272508004,0.3452900661309271,0.38194406159190625,0.3066401718260005,0.3066401718260005,-0.1997474739719466,0.5606460628037799,0.18968450630732045,0.5269376898767814,0.7607672555742748,0.2642005643349373,0.01153824815036034,0.22780710220125416,0.00356960607948863,-0.1582549364669849,0.5237914697439838,0.23263970075854346,-0.1725311527246166,0.25971770277798756,0.34411207849484576,0.48768794584964237,-0.20921847585787437,0.44114385784523596,0.9301837236368935,-0.1759999951636869,-0.0818751122799105,0.47724646926474434,0.4050851024062511,1.0,0.3684850302087746,0.43862933377923957,0.21132830550778087,0.387681962841978,0.33404730590672177,-0.0386047902165595,0.4286992443582975,0.23385029109604483,-0.06304733887597287,-0.14218307177024767,0.4235592598970153,-0.09719890470576294,0.02725938953753101,0.001042762715386318,0.26475485683210864,-0.01306207219095022,0.01628725039411848,0.06444248337018761,0.2561015951427373,0.1513814018982505,0.22182688449076238,0.22182688449076238,0.23958729386914318,0.002810395939644098,0.03915304250659662,0.03467082935902665,-0.025847827766232397
alpha143,0.1626460351723435,0.34986225387304193,0.3232993045305207,0.20011814378823167,-0.496041678652825,0.29743523698739643,-0.4316548669115784,0.34042712327104646,0.2833502666464248,0.194313474435272,0.194313474435272,-0.13634490402744157,0.5912243642333643,0.1728366157594404,0.6295740090469456,0.5855937475259967,0.11769089277418356,0.35458149848657705,0.10308354587774884,0.05783814903450303,-0.058998056458524434,0.5924616540330659,0.17196901453834576,-0.06333326458301389,0.12487715633271376,0.25377831100547843,0.6329487000096624,-0.6270922465851188,0.6340055396624843,0.4684480649001422,-0.08909699639671247,-0.22242007910080122,0.698845592404716,0.7077961880301551,0.3684850302087746,1.0,0.7017355023568457,0.032666063623585026,0.7044794234493132,0.6983376408999176,-0.07020228193798528,0.6752617519969516,0.1234494402259625,-0.08756864783416111,-0.05830742240809223,0.8055061336574812,-0.0992545277683901,0.011986909511270717,0.0636062244388234,0.1765362468747104,-0.017698447910567253,0.45061251766796667,0.5414736025569149,0.1790905523844798,0.40548829057934493,0.11587523962729744,0.11587523962729744,0.10047639602760003,0.4187171570662034,0.07702396240234953,-0.04752103217735639,0.038518162841716934
alpha064,0.1613780614298984,0.3432756716229496,0.37671058255969986,0.12578802472793035,-0.6727472614323953,0.2774569523829213,-0.48964416400232763,0.4269209381442805,0.3322346804711794,0.1861276860263215,0.1861276860263215,-0.15590584965826157,0.8312546140078674,0.25643212900626683,0.8670205259402641,0.766838012020548,0.10963966793180038,0.25018344293004235,0.09307680528561824,-0.005870060910480909,-0.018681750834676502,0.854783393675979,0.19384651137660502,-0.031094689884124786,0.12617711650604732,0.2907751989177636,0.8978744871950245,-0.6157131656580515,0.8497924734836564,0.5935081787016092,-0.043655174185829544,-0.29887201161637184,0.9605089060306945,0.602049716437594,0.43862933377923957,0.7017355023568457,1.0,-0.07022005285189818,0.9518690243133531,0.8979780312203878,-0.14557053657734637,0.5412530600676604,0.020384622522273615,-0.1604058672958573,-0.024320130586444506,0.6290688003698994,-0.16510555564449894,0.050398936200699324,0.28257183994377827,0.18421083842234212,-0.032073766362949764,0.36592143586308107,0.5270100533125058,0.07990634649133839,0.518641322711882,0.1055029027093347,0.1055029027093347,-0.02763792918709217,0.36801890320119857,0.03310294826195297,-0.019227662717189405,-0.007929719502757141
alpha100,-0.2796847304905606,-0.05098375537045039,-0.12410331124270428,-0.13218181161921452,-0.06572959004548942,-0.11051547392652804,-0.10499310496430063,-0.1633520042719851,-0.15330846133963827,-0.18890669396911192,-0.18890669396911192,0.13299701437988112,0.009615462050850846,-0.07609414535771593,-0.015517985641013352,0.09627761016101459,-0.1373953630196755,0.09740121297579067,-0.1424220445532006,0.26851497425345927,0.12476969285921041,0.018907380591972313,0.026500004061030737,0.14008659127311127,-0.10946853469673096,-0.12697517405594644,-0.011812656441008115,0.03931347711976429,0.00044105945958438264,0.1481886478801111,0.09260638345886563,-0.07843429167813146,-0.07253322892428517,0.08182096598685033,0.21132830550778087,0.032666063623585026,-0.07022005285189818,1.0,-0.06448514498501151,-0.055795111822513316,-0.24255558665249263,0.09773464154051707,0.9719630829638793,-0.2576867443444877,0.09838675839085659,0.07102660805655991,-0.2811035507768371,-0.09239378059995453,-0.4304499664019289,0.011940032925905788,0.1069200891531686,-0.029927533069512527,-0.03660372370084238,0.9443415446212955,-0.07637464513564804,-0.14063900983655966,-0.14063900983655966,0.9566705658311392,-0.032961693626050226,0.07967375871696282,0.04313346626512594,0.25820862523513316
alpha063,0.13772486077225185,0.2856053408343955,0.32169114457657844,0.08937800428561879,-0.5970068351287527,0.22399010448117881,-0.43797009545747134,0.3707124542559559,0.2844930076709657,0.16417239722958135,0.16417239722958135,-0.1294108660864673,0.8139424991749776,0.24064055669234624,0.8405185705860392,0.7206963328301137,0.09452510641792611,0.27087023564941415,0.07820280869013878,-0.010054113851337643,0.0016659635445476005,0.8366935642899974,0.15849867031607723,-0.013775505554465465,0.10999858246600772,0.246610808151639,0.8701812644477868,-0.6265357710752755,0.9035237109136781,0.5361304266821508,-0.024129734623418185,-0.31228361405375554,0.9161965581087211,0.6189549483485012,0.387681962841978,0.7044794234493132,0.9518690243133531,-0.06448514498501151,1.0,0.9362638865391536,-0.14741254158241487,0.5446876579632928,0.027632855344975997,-0.16061901710494458,-0.014074532268948026,0.6370016715409663,-0.16425525913705946,0.04461088333595091,0.2716151179383697,0.1514602077317662,-0.03949509489786011,0.5033480761608914,0.5420349189878118,0.0877280711276248,0.5253596832226382,0.0981228762627728,0.0981228762627728,-0.02203651409223027,0.36625615400769523,0.03771216235914699,-0.02494328633947657,-0.0099478435756868
alpha062,0.10551530001052939,0.21442048353025187,0.25723987046395674,0.05050697262637873,-0.5054758672433919,0.1593163104243449,-0.37874414588170413,0.29571651819269157,0.2305873479521332,0.13502176376838698,0.13502176376838698,-0.0919530565490653,0.6820193084608401,0.230418856955212,0.8132512959403363,0.6416222003315676,0.07295730704107375,0.2899817401034944,0.0591300269931513,-0.02279801377515212,0.023838623115203454,0.7005195130304421,0.11541843891671266,0.009138484417528615,0.09244612596651035,0.19344422434185404,0.8358607116456197,-0.6576831701850466,0.8619925444349228,0.46332697986638127,-0.0020569104086254502,-0.3465943790060358,0.8707587354277987,0.6230254426098031,0.33404730590672177,0.6983376408999176,0.8979780312203878,-0.055795111822513316,0.9362638865391536,1.0,-0.1530026433154394,0.5311540675092614,0.042618614151632275,-0.16252320969681977,0.00498604679342646,0.6295932273476167,-0.1630918271419716,0.04393336956783382,0.25790477002279394,0.11170119176185848,-0.044418087004847694,0.5470137958718155,0.5675056250101952,0.10483942766213963,0.5566319855387258,0.09012330288381534,0.09012330288381534,-0.0076133962783382775,0.5380225978040799,0.03370883773019203,-0.014964040546784222,-0.019983841064030002
alpha079,0.23253526768153393,0.24561085186703255,0.13492195883319433,0.4714912856845792,0.08161041349831069,0.3428217790640388,0.12166583961807781,0.6644087290359358,0.11532739664383022,0.2674793373395613,0.2674793373395613,-0.2110171240207525,-0.13192052152760686,-0.2881983281344795,-0.15450253112788812,-0.12411521218686661,0.1879699042030528,0.33648605524203723,0.20933203317729743,0.3364506990065923,-0.38462011626157744,-0.1376458332832742,0.01463908462760841,-0.3886704959911638,0.09123772986693385,0.13967041207332273,-0.1602134924795688,0.19364382386505313,-0.1574033846476549,-0.07425807296454097,-0.36278665153680273,0.08367131008750792,-0.13552693078130276,-0.06712136331357549,-0.0386047902165595,-0.07020228193798528,-0.14557053657734637,-0.24255558665249263,-0.14741254158241487,-0.1530026433154394,1.0,-0.04844203869935193,-0.2588606659018474,0.9957344111728387,-0.3059597813490631,-0.038212769335323256,0.9794672219888048,-0.01238387857151956,-0.4595710502181364,0.13443668924518135,0.019253601912955286,-0.07313737532718578,-0.06567459466754921,-0.24861370340747346,-0.04880887911714541,0.27104025425892,0.27104025425892,-0.18329787508725004,-0.0589676183783201,0.0038158432534837745,0.003972984213339535,0.3240343098291878
alpha145,0.20736786246637773,0.3825654481993428,0.38419481709648834,0.2416210898484549,-0.5586486065479559,0.33827369762123655,-0.48317112540232987,0.3898990989035481,0.3387513041886929,0.23493385081034712,0.23493385081034712,-0.18341406612983077,0.6370901209414789,0.1723649990058422,0.6601238383052673,0.6049548429613412,0.1610821611364034,0.06077895515111477,0.14434322065238994,0.07182406957558361,-0.10565288823916826,0.636484819478432,0.21325976949613087,-0.10200553911504293,0.1658312227047668,0.262445132976965,0.6605540574774776,-0.2210060522086268,0.6594271249240768,0.522981956633851,-0.12938590199046607,-0.24292499994923558,0.538310649099632,0.8523499731247273,0.4286992443582975,0.6752617519969516,0.5412530600676604,0.09773464154051707,0.5446876579632928,0.5311540675092614,-0.04844203869935193,1.0,0.1274088772369222,-0.07036668603916359,-0.08704514527926233,0.9229217014135183,-0.087075738128312,0.00602696036414705,0.0351557327993857,0.22664391818118174,0.0051048594107446455,0.17450241950114098,0.23898810722989966,0.15994731301287055,0.28910203716723354,0.14372430325218438,0.14372430325218438,0.1191914530274158,0.12863843893622354,0.026647355112630403,0.05539382383497085,0.041733197575348574
alpha013,-0.27801873632596885,-0.03774631116789977,-0.11108189549174732,-0.13150603969450703,-0.10595050344574658,-0.09821882139186679,-0.14847870907336772,-0.13793917931815444,-0.14560465606758474,-0.18744894055173839,-0.18744894055173839,0.12747340458181702,0.06275948632964887,-0.06471878521477639,0.04892344654701825,0.15133953543248932,-0.14019912164521325,0.17310370283361912,-0.14443528879490283,0.27291505627923357,0.12883219619258623,0.07426538881659826,0.024910418791660484,0.1438090634588653,-0.10858329690577118,-0.10611914432608474,0.055581036977100276,-0.0758950093467557,0.0693428009427997,0.18383007978517374,0.09745872493438566,-0.08445634673240945,0.015622653569189663,0.12283034798951539,0.23385029109604483,0.1234494402259625,0.020384622522273615,0.9719630829638793,0.027632855344975997,0.042618614151632275,-0.2588606659018474,0.1274088772369222,1.0,-0.27532655817567153,0.09816396389504112,0.12175428234158955,-0.2996284454033731,-0.09677460898749334,-0.40853987293740635,0.012265101630925127,0.1027621296592073,0.04850789240857695,0.04886846724849887,0.9854967569071332,-0.018920299173709642,-0.13980750632488184,-0.13980750632488184,0.9616136769809511,0.04524604962309271,0.0952000921682639,0.02342709713820894,0.2612282954598261
alpha080,0.21606175622756188,0.22158797622302603,0.11170356307060293,0.45535915194205107,0.11003859337316911,0.32130037764088376,0.15066347999932514,0.6358953305630741,0.09309722941810672,0.2516849669195226,0.2516849669195226,-0.19636566940520037,-0.15620667567973257,-0.2858842235406638,-0.17538392455676402,-0.1556917715909585,0.17866432991789033,0.3163506373291481,0.19820912703990104,0.29676951164379917,-0.36471563372555355,-0.15981229550357376,0.0014306767561021651,-0.3695231926045822,0.08115518687587468,0.12252784876077445,-0.17907174635424328,0.19941567909303748,-0.1746383656918437,-0.10595337584196068,-0.34255027051004466,0.08439009494596664,-0.15266224152058028,-0.08796490889537861,-0.06304733887597287,-0.08756864783416111,-0.1604058672958573,-0.2576867443444877,-0.16061901710494458,-0.16252320969681977,0.9957344111728387,-0.07036668603916359,-0.27532655817567153,1.0,-0.2884766283251415,-0.059029751653498,0.9928267981774234,-0.007352559070616062,-0.438539795223455,0.11614109661523436,0.012901809645271453,-0.06997728562983721,-0.06556443143493165,-0.26550880146722017,-0.05636949528613712,0.2616631102853929,0.2616631102853929,-0.1987317771567311,-0.05382976628593155,0.005632758025107601,-0.00032741064961664784,0.28756832489010015
alpha165,-0.2967533888572146,-0.26315261251587374,-0.2632497368488973,-0.3708059861496175,0.08187715245571792,-0.35895123302597454,0.06757284126914724,-0.32506773618069706,-0.28057976089317477,-0.42554532073853285,-0.42554532073853285,0.2705955362388873,-0.05622610740991158,0.11736909420989251,-0.03470706770407074,-0.09112908795441954,-0.5796435114238035,-0.160246239924109,-0.5608174013336368,-0.16597969158471074,0.684255046527162,-0.047163092148416345,-0.047551087177064195,0.7620582377582322,-0.4672718113479499,-0.29626391533720814,-0.025909457508242185,-0.036878677999849174,-0.019825604934829363,-0.1380699402387546,0.6832184248869143,-0.04454167381267464,-0.03443945792263735,-0.06627087665307248,-0.14218307177024767,-0.05830742240809223,-0.024320130586444506,0.09838675839085659,-0.014074532268948026,0.00498604679342646,-0.3059597813490631,-0.08704514527926233,0.09816396389504112,-0.2884766283251415,1.0,-0.0904175665176003,-0.26264190759457406,0.00304304035670157,0.1802021059895858,-0.14837809241908437,-0.0005692978788541944,0.02999675977153806,0.032365523358450686,0.0860099553987622,-0.034140490308103164,-0.4897865734774071,-0.4897865734774071,0.0644974798355656,0.04873520441752734,0.01933125581081107,-0.023119573390419174,-0.16727294561449843
alpha149,0.21188374148149766,0.3919637712255312,0.38038254678930405,0.253580107468064,-0.5516346183565239,0.3536971396325604,-0.46809439215927484,0.4019757676045689,0.33537049753479814,0.25041887989116074,0.25041887989116074,-0.18584026720047786,0.6485774111345131,0.1758708644700805,0.6843472166133571,0.6233705876608551,0.16208532875543355,0.16440170709351257,0.1421061428207709,0.0784706322723872,-0.10029336047808413,0.6501026107202986,0.19167678120849074,-0.10413260490045305,0.16290034469440498,0.28887955720214487,0.6873324782361658,-0.3543614569070273,0.6907263088347859,0.524243067434572,-0.12983273873142234,-0.26202181775492106,0.6241006872671285,0.9256101312651985,0.4235592598970153,0.8055061336574812,0.6290688003698994,0.07102660805655991,0.6370016715409663,0.6295932273476167,-0.038212769335323256,0.9229217014135183,0.12175428234158955,-0.059029751653498,-0.0904175665176003,1.0,-0.07393871941119083,0.017825584699313914,0.04284360983778675,0.21196652152414847,-0.0030986124322465117,0.30331333000095245,0.3753929781764788,0.16884024093509648,0.3773972930788031,0.1500134386731196,0.1500134386731196,0.10523431376566214,0.260143611146807,0.059356944998812576,0.013043291377083495,0.05648307425904394
alpha081,0.20359357888861687,0.19818343416568307,0.09431404570198713,0.43412761166068053,0.1312792917205574,0.2978771676487265,0.17427063654641506,0.6057881221307828,0.07468878660580426,0.23422163168554222,0.23422163168554222,-0.17912406389097726,-0.16966420794640774,-0.2669143358628035,-0.1850172333905912,-0.18260614839577688,0.1693950777630842,0.2810590086903,0.1848139710065194,0.2489352619082267,-0.3342331542961975,-0.17166259333424996,-0.007193662964684544,-0.34106519930785334,0.07260735461729056,0.1046734617927544,-0.18712440262692442,0.20093750153022777,-0.1818760652396102,-0.14085487337552868,-0.31244430102200343,0.07887494431106087,-0.15934420962262524,-0.10256172816238741,-0.09719890470576294,-0.0992545277683901,-0.16510555564449894,-0.2811035507768371,-0.16425525913705946,-0.1630918271419716,0.9794672219888048,-0.087075738128312,-0.2996284454033731,0.9928267981774234,-0.26264190759457406,-0.07393871941119083,1.0,-0.004395087716478225,-0.3990513079400533,0.09738404955976997,0.004854988644505096,-0.06441357525111353,-0.060511955764021914,-0.28959682998735903,-0.057249543999680796,0.24679735075032203,0.24679735075032203,-0.22042546981755773,-0.046726752327220435,0.0034308850662816063,-0.0043746619699768785,0.24243355174979175
alpha111,0.046107626574419025,-0.08760838946498743,0.03177217134911572,-0.002365336601876632,-0.010576874056487029,-0.03499527635345966,0.030779729493883762,-0.011425347494789347,0.1757847664805091,0.03403352034571343,0.03403352034571343,-0.027230814852872917,0.016679387352499277,-0.013681343127280466,0.022652402194497257,0.005314763276267632,0.030993383969793852,-0.0004782290898080046,0.02126183054199729,-0.0915912314332727,-0.012351702725401807,0.020802851235878807,0.0511645595001896,-0.018219331356931108,0.017288753414673782,-0.03638376281817904,0.027212427803804933,-0.03206007502286941,0.02223378203805732,0.021161754290804406,-0.024182172964190087,-0.043804616213432186,0.04439729861614455,0.02653846153590031,0.02725938953753101,0.011986909511270717,0.050398936200699324,-0.09239378059995453,0.04461088333595091,0.04393336956783382,-0.01238387857151956,0.00602696036414705,-0.09677460898749334,-0.007352559070616062,0.00304304035670157,0.017825584699313914,-0.004395087716478225,1.0,0.08882681872388884,0.0778398510427815,-0.4830995205792976,0.019725825034593508,0.01667953517247961,-0.09495517322419443,0.03856613943278674,0.003949209533999311,0.003949209533999311,-0.10068059249336718,0.012690130968822159,0.01020791435803891,-0.0038978305952296,-0.09573455928340587
alpha175,-0.11230107305924425,-0.16419240587035214,0.05780683074192114,-0.36125630056127556,-0.10496691970195125,-0.20718130992052264,-0.09727297427724566,-0.222538472479611,0.05171227978159033,-0.08147654770319679,-0.08147654770319679,0.08305793844370875,0.22287983432357097,0.322676808754258,0.2744727187642058,0.1441116453188275,-0.034316761285093304,-0.3549842676403398,-0.0487031403938462,-0.6700262637570689,0.23470151054635457,0.20567585102276678,-0.0010621082248620645,0.21359115423032846,0.0310479743280647,0.02900031922551326,0.26393360458312487,-0.19488407676907127,0.23950601331030028,0.07374444580010131,0.22198305033929622,-0.08007985013472003,0.28698505259869805,0.07765411522993497,0.001042762715386318,0.0636062244388234,0.28257183994377827,-0.4304499664019289,0.2716151179383697,0.25790477002279394,-0.4595710502181364,0.0351557327993857,-0.40853987293740635,-0.438539795223455,0.1802021059895858,0.04284360983778675,-0.3990513079400533,0.08882681872388884,1.0,-0.0981887430884614,-0.06029073124607344,0.08339257598562992,0.08364621742888687,-0.4085278659682765,0.1292311529799725,-0.0959034003303885,-0.0959034003303885,-0.5409823149227804,0.05944940469860491,-0.038278339013260124,0.010170350069737695,-0.6599556869188261
alpha107,0.2828204814913395,0.4219887206676629,0.5667077753040533,0.23759601572095565,-0.3889378844599642,0.3436427126081345,-0.3427306842163809,0.35750451730905003,0.5364337518364024,0.23793444096020924,0.23793444096020924,-0.22938328094201196,0.2905548495916245,-0.017917286335864237,0.25970361623230237,0.3092772628119761,0.18299743668309057,0.11705569029084484,0.15144923927707937,0.1445483584323047,-0.1883963480102126,0.25169633712255635,0.5235697471924309,-0.21131004095249384,0.29156624029091216,0.2112982937457228,0.21986957388259334,-0.040530108826827504,0.18868564168236204,0.31434973817105993,-0.3273203082444841,-0.031240882084562903,0.22628510644181304,0.1917201635464116,0.26475485683210864,0.1765362468747104,0.18421083842234212,0.011940032925905788,0.1514602077317662,0.11170119176185848,0.13443668924518135,0.22664391818118174,0.012265101630925127,0.11614109661523436,-0.14837809241908437,0.21196652152414847,0.09738404955976997,0.0778398510427815,-0.0981887430884614,1.0,-0.02196527222333249,-0.049311207419471384,-0.04641241833407588,0.020854269379705005,0.09860559737079576,0.10482110079779695,0.10482110079779695,0.03499287616964594,-0.04168150907823195,-0.0021648339705992743,0.05019624901166547,0.11889818396143104
alpha113,-0.08202052988255076,0.12131439678225517,-0.013777746163212317,-0.030131586843205403,-0.019935925815750422,0.009658361085266205,-0.05585224324872269,0.04217150030325555,-0.06585852436843684,-0.01390628887737147,-0.01390628887737147,0.017672177274238803,0.0013997583017316736,-0.04387927345781539,-0.00449141140384547,0.016465304980602224,-0.035537669046102276,-0.0047336969147267335,5.960275588724639e-06,0.07728876476593381,-0.0109636159962372,-0.010441507671328716,-0.07548965311794793,0.002991173657660737,-0.0348313336094878,0.002209973270621899,-0.017277367006022594,0.06801703098766591,-0.02576455218226282,0.004194476312079875,0.016184398786856676,0.00944123687134316,-0.017236397967498436,0.003959914722913165,-0.01306207219095022,-0.017698447910567253,-0.032073766362949764,0.1069200891531686,-0.03949509489786011,-0.044418087004847694,0.019253601912955286,0.0051048594107446455,0.1027621296592073,0.012901809645271453,-0.0005692978788541944,-0.0030986124322465117,0.004854988644505096,-0.4830995205792976,-0.06029073124607344,-0.02196527222333249,1.0,-0.043503540110476156,-0.05548370907039232,0.09681773800218973,-0.05432927911793687,0.008135403666129436,0.008135403666129436,0.08023689320623634,-0.029507752510189302,-0.04638891739758041,0.01002866811496701,0.07385316389811772
alpha026,-0.014470007681678127,-0.06266015000799548,-0.04390157196209613,-0.06608247383847422,-0.028632408771225124,-0.07601428173764775,-0.038398239123195295,-0.013516344247124109,-0.019415506006872904,-0.0010303628632830886,-0.0010303628632830886,0.03184604060775382,0.1800552548983675,0.06980751634455357,0.256649635489803,0.154563024941651,-0.020033451041981058,0.38499448897486915,-0.02834444163718383,-0.021441819768785716,0.05652340236399781,0.17980025401585606,-0.048075939195503424,0.04768015721265807,-0.024402859118764046,-0.03997061610546993,0.25841877601936836,-0.6209529783741167,0.3815631127408158,0.05796368945644907,0.04881480011206634,-0.07150808707486626,0.3658822690867059,0.2755646177018021,0.01628725039411848,0.45061251766796667,0.36592143586308107,-0.029927533069512527,0.5033480761608914,0.5470137958718155,-0.07313737532718578,0.17450241950114098,0.04850789240857695,-0.06997728562983721,0.02999675977153806,0.30331333000095245,-0.06441357525111353,0.019725825034593508,0.08339257598562992,-0.049311207419471384,-0.043503540110476156,1.0,0.5800423376762481,0.10256217587367145,0.43450706642126447,0.0038262168927070753,0.0038262168927070753,0.019834551799269382,0.5836852207734489,0.03460601688150648,-0.057146302151490976,-0.008919809407469441
alpha028,0.010210728426821386,0.05155967812108997,0.0019578069802106655,0.014924743337686622,-0.07753024224699812,0.020860228298177227,-0.06582570430274967,0.15019646566807704,0.004782620641228096,0.022412238296946756,0.022412238296946756,-0.012906293550378575,0.320406203037215,0.08838332092374607,0.3868064624483349,0.23932806922001315,-0.028495196123369124,0.4027312642726631,-0.024408082716634433,0.07069377110372596,0.04613093419471014,0.3356683094924417,-0.04951931424172184,0.06146352443712054,-0.031780727705608997,0.04271323510469485,0.4046032730381236,-0.6432847999131789,0.41462116970650437,0.12442805977990685,0.06013702444160635,-0.073887598777993,0.5075297933943375,0.3245981024673182,0.06444248337018761,0.5414736025569149,0.5270100533125058,-0.03660372370084238,0.5420349189878118,0.5675056250101952,-0.06567459466754921,0.23898810722989966,0.04886846724849887,-0.06556443143493165,0.032365523358450686,0.3753929781764788,-0.060511955764021914,0.01667953517247961,0.08364621742888687,-0.04641241833407588,-0.05548370907039232,0.5800423376762481,1.0,0.11057960810304052,0.44757765948387107,0.023089357039185323,0.023089357039185323,0.02468607978772797,0.5864924288771888,0.06183197366371287,-0.07040099081185786,0.09050340457154227
alpha098,-0.2605935293246111,-0.013658912863634591,-0.09278045841154842,-0.1037995630598384,-0.13157279699777422,-0.07080883764492055,-0.16094909582871186,-0.1077364325790769,-0.12213765914477749,-0.1619442708911972,-0.1619442708911972,0.11124824199087383,0.09830377162477481,-0.055425463343075826,0.08918544698049015,0.18828706135644419,-0.12542172295749968,0.1998580507264258,-0.12876174438425217,0.27840256387542034,0.11541907017430889,0.11158767909880674,0.036466985073893524,0.13091436519464614,-0.09442188947743561,-0.08068289774648163,0.0976324867476368,-0.12424730681509664,0.1126571820014083,0.21145134363058055,0.08506185934766997,-0.07972011943873693,0.07265155439729043,0.16232505527272376,0.2561015951427373,0.1790905523844798,0.07990634649133839,0.9443415446212955,0.0877280711276248,0.10483942766213963,-0.24861370340747346,0.15994731301287055,0.9854967569071332,-0.26550880146722017,0.0860099553987622,0.16884024093509648,-0.28959682998735903,-0.09495517322419443,-0.4085278659682765,0.020854269379705005,0.09681773800218973,0.10256217587367145,0.11057960810304052,1.0,0.020766888909139764,-0.11927789429319433,-0.11927789429319433,0.95522467095697,0.10103017176275784,0.1005354340645905,0.007679899725781678,0.2698451648248166
alpha128,0.12007966264852013,0.10990335963358534,0.15487615955565578,0.03861005254629405,-0.2473954196630228,0.07908834650615627,-0.17876258263884726,0.2012786249237261,0.16991473868496237,0.11219284576222786,0.11219284576222786,-0.03727660755801089,0.32504925226866355,0.15104482842234251,0.3955169513097739,0.3156065330126962,0.06262178875157891,0.2129648639103712,0.06374336931779434,0.04330784307792001,-0.03228371968614096,0.32924636561224935,0.08278059526583413,-0.03207504462640288,0.06904399050855949,0.0873827943446212,0.40132228757321997,-0.42173115413201434,0.4027480770741692,0.2246965911212592,-0.04134344096747052,-0.20575083654913995,0.5084548902989761,0.26650339904627324,0.1513814018982505,0.40548829057934493,0.518641322711882,-0.07637464513564804,0.5253596832226382,0.5566319855387258,-0.04880887911714541,0.28910203716723354,-0.018920299173709642,-0.05636949528613712,-0.034140490308103164,0.3773972930788031,-0.057249543999680796,0.03856613943278674,0.1292311529799725,0.09860559737079576,-0.05432927911793687,0.43450706642126447,0.44757765948387107,0.020766888909139764,1.0,0.06086165356592191,0.06086165356592191,-0.021943134066306113,0.45933597849757146,-0.06669177870507546,0.09713169315234356,0.04801041299847069
alpha074,0.3496032533764938,0.3050200140804373,0.2854959028496158,0.41327784582285626,-0.1370908259498949,0.42038299381575145,-0.0691667138714748,0.32030065531050894,0.3257920259969252,0.6221705164808585,0.6221705164808585,-0.2983109858955205,0.12690437092961893,-0.05340445061022367,0.12086416761900148,0.1510497086972778,0.5184350300659033,0.09297534868738931,0.4834439754796707,0.05186537534155073,-0.45026870289720355,0.11884557273453601,0.023450117739353935,-0.4961510167074928,0.41859761342903967,0.3830563548063787,0.11184924326105534,-0.02338525698956465,0.1057921028528323,0.2038053446448002,-0.45551840478577754,0.013473933169299285,0.11572692395796233,0.12977787866852564,0.22182688449076238,0.11587523962729744,0.1055029027093347,-0.14063900983655966,0.0981228762627728,0.09012330288381534,0.27104025425892,0.14372430325218438,-0.13980750632488184,0.2616631102853929,-0.4897865734774071,0.1500134386731196,0.24679735075032203,0.003949209533999311,-0.0959034003303885,0.10482110079779695,0.008135403666129436,0.0038262168927070753,0.023089357039185323,-0.11927789429319433,0.06086165356592191,1.0,1.0,-0.09962370877368937,-0.0063803167192946,0.0013918926421010525,-0.01954541843389134,0.0610759554804259
alpha022,0.3496032533764938,0.3050200140804373,0.2854959028496158,0.41327784582285626,-0.1370908259498949,0.42038299381575145,-0.0691667138714748,0.32030065531050894,0.3257920259969252,0.6221705164808585,0.6221705164808585,-0.2983109858955205,0.12690437092961893,-0.05340445061022367,0.12086416761900148,0.1510497086972778,0.5184350300659033,0.09297534868738931,0.4834439754796707,0.05186537534155073,-0.45026870289720355,0.11884557273453601,0.023450117739353935,-0.4961510167074928,0.41859761342903967,0.3830563548063787,0.11184924326105534,-0.02338525698956465,0.1057921028528323,0.2038053446448002,-0.45551840478577754,0.013473933169299285,0.11572692395796233,0.12977787866852564,0.22182688449076238,0.11587523962729744,0.1055029027093347,-0.14063900983655966,0.0981228762627728,0.09012330288381534,0.27104025425892,0.14372430325218438,-0.13980750632488184,0.2616631102853929,-0.4897865734774071,0.1500134386731196,0.24679735075032203,0.003949209533999311,-0.0959034003303885,0.10482110079779695,0.008135403666129436,0.0038262168927070753,0.023089357039185323,-0.11927789429319433,0.06086165356592191,1.0,1.0,-0.09962370877368937,-0.0063803167192946,0.0013918926421010525,-0.01954541843389134,0.0610759554804259
alpha104,-0.2114772326515476,0.012130153727165494,-0.08946216560289262,-0.03658581250480632,-0.0886602838481914,-0.03880505182205321,-0.12160641690970278,-0.11073296178620647,-0.1255351567073524,-0.131460335233655,-0.131460335233655,0.09694143935885406,0.02905030045971451,-0.06520435284727216,0.004519966480765744,0.12231136193515656,-0.10229989159073738,0.15916673515101948,-0.11006867169859476,0.34439999267448285,0.08798639796436573,0.04294748900799783,0.04932909193407358,0.10325338222266335,-0.07817202667784126,-0.09785315758545331,0.012300235605362158,-0.026118684441223235,0.026928476058649297,0.17088789779341426,0.060286392927820696,-0.07081255432490538,-0.033530223124228285,0.09520337381584415,0.23958729386914318,0.10047639602760003,-0.02763792918709217,0.9566705658311392,-0.02203651409223027,-0.0076133962783382775,-0.18329787508725004,0.1191914530274158,0.9616136769809511,-0.1987317771567311,0.0644974798355656,0.10523431376566214,-0.22042546981755773,-0.10068059249336718,-0.5409823149227804,0.03499287616964594,0.08023689320623634,0.019834551799269382,0.02468607978772797,0.95522467095697,-0.021943134066306113,-0.09962370877368937,-0.09962370877368937,1.0,0.02545950066538545,0.08936933903625265,0.02380571424019819,0.33571733812529075
alpha025,-0.031656665102859236,-0.06728348463331138,-0.044781704499725086,-0.05239432179045336,-0.01740619165451801,-0.0666230650475779,-0.027860341177438054,-0.01639987799111685,-0.02247669622808368,-0.019528469009205417,-0.019528469009205417,0.05256302511689144,0.036677604745798384,0.05249936909932792,0.23080692448873,0.10854988878013225,-0.02641893295971865,0.393656508600609,-0.02563497858878405,-0.013468261391159158,0.054487116272113396,0.03870689438690513,-0.04373880909768268,0.052819025516514774,-0.04110098739926768,-0.03482446868935559,0.23306264473203123,-0.6264058333158172,0.2324033027583135,0.03075088673076631,0.05919226710840423,-0.08962633335005929,0.36552412898760966,0.22861947538473018,0.002810395939644098,0.4187171570662034,0.36801890320119857,-0.032961693626050226,0.36625615400769523,0.5380225978040799,-0.0589676183783201,0.12863843893622354,0.04524604962309271,-0.05382976628593155,0.04873520441752734,0.260143611146807,-0.046726752327220435,0.012690130968822159,0.05944940469860491,-0.04168150907823195,-0.029507752510189302,0.5836852207734489,0.5864924288771888,0.10103017176275784,0.45933597849757146,-0.0063803167192946,-0.0063803167192946,0.02545950066538545,1.0,0.026140106470942708,-0.04506774094748134,-0.006202942396252487
alpha182,-0.04201300585270973,-0.06789803164920573,-0.03524521099361864,-0.04978504295612026,0.007420545531947173,-0.05381915646119909,0.021485048350412726,-0.0024420757958125033,-0.012502666086337424,0.009035174588083218,0.009035174588083218,0.0211954125128635,0.005826847968882912,-0.022023849495235143,-0.001571749503065198,0.016912853630705237,-0.01889751773735606,0.29774415165339996,-0.021043421821053915,-0.011635153625893091,0.02168168121940064,0.01598163634046593,-0.03326989828970491,0.024310278083869066,-0.030389631342276378,-0.04757156082301518,0.009754868480975263,-0.014121421760328325,0.016415179528659393,0.026401789111877773,0.008124655481199268,-0.01799997116773812,0.023777295946542404,0.06952708629230607,0.03915304250659662,0.07702396240234953,0.03310294826195297,0.07967375871696282,0.03771216235914699,0.03370883773019203,0.0038158432534837745,0.026647355112630403,0.0952000921682639,0.005632758025107601,0.01933125581081107,0.059356944998812576,0.0034308850662816063,0.01020791435803891,-0.038278339013260124,-0.0021648339705992743,-0.04638891739758041,0.03460601688150648,0.06183197366371287,0.1005354340645905,-0.06669177870507546,0.0013918926421010525,0.0013918926421010525,0.08936933903625265,0.026140106470942708,1.0,-0.4069451142729063,-0.008943315790630374
alpha187,0.03242802743947945,0.049904627775027764,0.04505365786760406,0.014309349962899832,-0.04184490431618181,0.03423569319335765,-0.060948246109446304,0.036457533675908774,0.03813508749489077,0.02955968343103416,0.02955968343103416,-0.02003623091204006,0.02165643191979449,0.036972247653186296,0.029259628865154822,0.023227553382070193,0.01963207866120794,0.006225702361471514,0.01555874258687506,0.015553337262958255,-0.0180090524122461,0.01517393965824195,0.06532237705051039,-0.021218888760411506,0.03130170224958492,0.01464989358599173,0.020556135245255517,0.11379730535772929,0.013080275852690549,0.0323738310047557,-0.02382134845383595,-0.018679052739019507,-0.012827586481259486,-0.0016493011149372482,0.03467082935902665,-0.04752103217735639,-0.019227662717189405,0.04313346626512594,-0.02494328633947657,-0.014964040546784222,0.003972984213339535,0.05539382383497085,0.02342709713820894,-0.00032741064961664784,-0.023119573390419174,0.013043291377083495,-0.0043746619699768785,-0.0038978305952296,0.010170350069737695,0.05019624901166547,0.01002866811496701,-0.057146302151490976,-0.07040099081185786,0.007679899725781678,0.09713169315234356,-0.01954541843389134,-0.01954541843389134,0.02380571424019819,-0.04506774094748134,-0.4069451142729063,1.0,0.00019339087712429354
alpha055,0.11402648205939893,0.14147488786343412,0.012052003600801376,0.21466619546326218,-0.016912902396411838,0.1365508009172392,-0.09275153728958818,0.3304013210426938,0.02607945217881307,0.061254962857235556,0.061254962857235556,-0.06429072390951578,0.015997379962499815,-0.23218252448067378,-0.014845344986608352,0.00840349781319144,0.008468203231928035,0.3620030786733929,0.031855016319963084,0.8759100987767904,-0.19515813270350443,0.03475927619193434,0.012703116835005837,-0.17663067569351712,-0.04249189134447869,-0.010861183463404995,0.004430434749218626,0.040793124734612995,0.008145232676113813,-0.014634806205400962,-0.18995474953136246,-0.000160161326035369,-0.026241448147799804,0.06260442212963718,-0.025847827766232397,0.038518162841716934,-0.007929719502757141,0.25820862523513316,-0.0099478435756868,-0.019983841064030002,0.3240343098291878,0.041733197575348574,0.2612282954598261,0.28756832489010015,-0.16727294561449843,0.05648307425904394,0.24243355174979175,-0.09573455928340587,-0.6599556869188261,0.11889818396143104,0.07385316389811772,-0.008919809407469441,0.09050340457154227,0.2698451648248166,0.04801041299847069,0.0610759554804259,0.0610759554804259,0.33571733812529075,-0.006202942396252487,-0.008943315790630374,0.00019339087712429354,1.0
