factor,IC_IR,IC_mean,IC_t,FM_λ_annual,FM_t,cs_effective_ratio,IC_pass,FM_pass,CS_pass,pass
alpha105,1.4960159676555471,0.06279227366267744,12.516567591940907,36.44221474868652,13.53766630560456,0.0,True,True,False,False
alpha141,1.2772041995126246,0.05712674126991037,8.077748615184023,23.080353149241464,7.71449840783048,0.0,True,True,False,False
alpha116,0.3864009899692083,0.03125927940569565,24.068780882937023,0.10062790080531474,6.54873346533679,1.0,True,True,True,True
alpha041,0.37886086410961917,0.0416362436057053,23.599109112275464,0.3273431225156309,7.379794360580625,0.04972945117237825,True,True,False,False
alpha001,0.3492193615668414,0.0314208545147332,21.74994704156628,0.12276400399600013,7.660118629691436,1.0,True,True,True,True
alpha035,0.3456336319354953,0.03642233152290355,21.53771819435081,0.28806050707833525,6.784809724968908,0.04170957775489186,True,True,False,False
alpha142,0.33797200591755727,0.038655522908956755,21.052156609755613,0.21787937351245243,6.100796134885959,1.0,True,True,True,True
alpha093,0.33131924275922947,0.0404900465220638,20.589831608934666,0.2286388496080627,4.849301469190422,0.0,True,True,False,False
alpha092,0.326251299586842,0.03846440311584044,20.301116555172626,0.21434009107684032,4.857346312850397,0.0,True,True,False,False
alpha057,0.3190894212911617,0.04631954275494073,19.878528268584233,0.055179626670848886,1.2603314820662699,,True,False,False,False
alpha091,0.3177226392764141,0.03624869587957714,19.783178155885434,0.21929314203273706,5.153710089447914,0.0,True,True,False,False
alpha039,0.31613412602567237,0.0346305078160808,19.694420251968296,0.20730361165610073,4.835331313934875,0.04920144255538382,True,True,False,False
alpha037,0.3158312897390046,0.03402944937225833,19.678088949148094,0.20668171891231202,4.764650301939037,0.048416173062065415,True,True,False,False
alpha094,0.314576950536028,0.04307907598328689,19.60498474695645,0.11020680781489652,1.7986478062224416,,True,False,False,False
alpha087,0.3109273260088492,0.040961752216638316,19.33007953832798,0.1908341646850151,4.442072972080086,1.0,True,True,True,True
alpha033,0.3044815167308486,0.031176186666368358,18.975819687573683,0.2368705954351923,5.783854029273053,0.043243243243243246,True,True,False,False
alpha108,0.30247016858435694,0.022868120841193686,18.840759729580526,0.13152349939678243,6.401152299506222,1.0,True,True,True,True
alpha101,-0.30239072105761927,-0.022778360587752195,-18.68226553739476,-0.5901848233011514,-6.487030658345407,0.0,True,True,False,False
alpha003,-0.30163172586414466,-0.04702585109544786,-18.786112070552235,-0.084657692003326,-6.826369606348196,1.0,True,True,True,True
alpha137,-0.30144410769124147,-0.022360943004439915,-18.587152211537003,-0.4657137149946208,-5.525290173414411,0.0,True,True,False,False
alpha144,0.3008299041500982,0.035701246356415965,18.73858823860843,0.17393799531051463,4.582917324098054,1.0,True,True,True,True
alpha075,0.2955713573538093,0.024292917896245214,18.411035220142733,0.06281822238298533,4.429153990331079,1.0,True,True,True,True
alpha023,0.2955713573538093,0.024292917896245214,18.411035220142733,0.06281822238298533,4.429153990331079,1.0,True,True,True,True
alpha061,0.2955586573700207,0.031007153293633585,18.41261644394569,0.16258636340483232,4.914047410538346,0.0007727975270479134,True,True,False,False
alpha051,0.29079430257977973,0.04589841032219834,18.11347416930001,0.32241830048184106,5.132124577597514,1.0,True,True,True,True
alpha086,0.288447270601647,0.037212126607073584,17.95569779152196,0.17496323008230943,4.216313461893594,1.0,True,True,True,True
alpha058,0.28775462558182807,0.04144923919575367,17.92644342735746,0.08153841565119899,1.9142782334160215,,True,False,False,False
alpha148,0.2876941429642631,0.03369050604738609,17.92036632427625,0.1514664820560576,4.093094667587329,1.0,True,True,True,True
alpha110,0.2871991188953663,0.0254958013910159,17.889531450258445,0.043021200032363247,2.860458541315524,1.0,True,True,True,True
alpha014,-0.28242568463291196,-0.04707529192335747,-17.592195919800115,-0.06978772045233209,-3.952600829802165,1.0,True,True,True,True
alpha171,0.2797495077670937,0.03387299175951969,17.43672196451193,-0.012613908592448552,-1.5853678176809882,,True,False,False,False
alpha162,0.27954151035360464,0.020650722231643968,17.403563873464588,0.09189134935510111,6.289748000062553,1.0,True,True,True,True
alpha011,-0.2787954386740824,-0.03689360741672068,-17.36606918409688,-3.021960732674258e-09,-7.8471410666548,1.0,True,True,True,True
alpha009,-0.27673761976460665,-0.041422257351822624,-17.23566685215775,4021.042833171277,0.5961512845150075,,True,False,False,False
alpha169,-0.27446860899011055,-0.018303414587765673,-17.087737566338763,-0.09095577468665238,-7.554445952768694,1.0,True,True,True,True
alpha010,-0.2735124885602832,-0.037698549631448926,-17.047970003285897,-0.15716024893451402,-2.673309812727236,0.16083376222336593,True,True,False,False
alpha082,0.27130719852068363,0.04756582727560055,16.899629355706875,0.10829476519189801,1.9836347363942797,,True,False,False,False
alpha056,0.2701725588316029,0.03482913928988388,16.828953051125605,0.3229519054058986,5.9543953343357074,1.0,True,True,True,True
alpha166,0.26791006187906014,0.020397535774859428,16.679418625012627,0.08516602524706393,5.623424899240789,1.0,True,True,True,True
alpha049,0.2644893379986955,0.040580527102473944,16.479192810631965,0.21266281711587767,3.460591389642833,0.999484934329127,True,True,True,True
alpha048,0.26311628009193044,0.039620098283487046,16.39575483795361,0.19345952956276333,3.228925637563651,0.9992276004119465,True,True,True,True
alpha070,0.26246594257903055,0.043912174353372545,16.34891065282112,0.15297567000286397,2.861825666154989,1.0,True,True,True,True
alpha085,0.26174057205806517,0.032610169638371926,16.303727579844395,0.17123704266555534,4.254430706934161,1.0,True,True,True,True
alpha068,0.26144327886502833,0.0436643772746477,16.28520929208907,0.149196705588162,2.7413113502347572,1.0,True,True,True,True
alpha060,0.2603460457518976,0.03622023436969745,16.218952697184164,0.014729603079819038,0.3807391981493495,,True,False,False,False
alpha073,0.2585223217976531,0.022952455083603825,16.10326391035306,0.04662006562373512,2.5664824345719586,1.0,True,True,True,True
alpha021,0.2585223217976531,0.022952455083603825,16.10326391035306,0.04662006562373512,2.5664824345719586,1.0,True,True,True,True
alpha050,0.2579176389295203,0.039822293942943066,16.06766860424583,0.19828997833771952,3.204344431403853,1.0,True,True,True,True
alpha176,-0.25765590154630763,-0.03429141724978538,-16.059632610753386,0.1432229757244084,2.3647469181768446,0.9904761904761905,True,True,True,True
alpha071,0.25638452831582104,0.042881255582798185,15.970101511128131,0.14154107093011276,2.703730651622588,1.0,True,True,True,True
alpha150,0.25623923163592366,0.033199892842901944,15.963107736333152,0.2573169730898287,4.622238705142457,0.00231839258114374,True,True,False,False
alpha160,0.2543391543694394,0.018820360196752924,15.834527448150173,0.06460285897587678,4.602950617502051,1.0,True,True,True,True
alpha143,0.2500783577710031,0.029502430675064716,15.577292380215322,0.0542824522921798,1.473628333089667,,True,False,False,False
alpha151,-0.25002887644293087,-0.035602470425404764,-15.576217062357443,-0.23852235239990366,-3.903952239672265,0.0018031942297784646,True,True,False,False
alpha163,-0.24949544434782947,-0.018062077498182887,-15.532970027790682,-0.07929103367828447,-5.6670529586321114,1.0,True,True,True,True
alpha072,0.2488411065000122,0.022751628021502834,15.500224436520382,0.019435653982575313,1.1102745364107445,,True,False,False,False
alpha016,0.2488411065000122,0.022751628021502834,15.500224436520382,0.019435653982575313,1.1102745364107445,,True,False,False,False
alpha066,0.24217847149864383,0.03932031329102597,15.089098700946398,0.06789771408818827,1.3169459545528888,,True,False,False,False
alpha170,0.2416111510139819,0.015600667549759988,15.042113401670369,0.04384109303405672,3.807547585496,1.0,True,True,True,True
alpha167,-0.2411591554689277,-0.01821284824170268,-15.013973275615665,-0.07654159029550861,-5.445259428832233,1.0,True,True,True,True
alpha059,0.2410355330662346,0.033348088942779706,15.015952701917822,0.05159319200166537,1.2335588637825,,True,False,False,False
alpha069,0.2397916527104699,0.03944510747631777,14.9384618508744,0.08016946066314269,1.5333295386748444,,True,False,False,False
alpha083,0.2372506740703342,0.04306489523198631,14.768735358654048,0.08774428587444255,1.5505954917468103,,True,False,False,False
alpha067,0.23619881269917287,0.03891810315492181,14.7146362804745,0.06279815306262823,1.172406088306624,,True,False,False,False
alpha168,0.23356671218668973,0.015591581757182676,14.541286512741197,0.03748781274199106,3.207879848613625,1.0,True,True,True,True
alpha088,0.23276076553874175,0.03544063431185709,14.491110265398092,0.11642549996689372,2.2601907823601253,0.00025786487880350697,True,True,False,False
alpha140,0.23161554191146289,0.026936865847438925,14.429109177923097,0.045128714374220634,1.0611925652688154,,True,False,False,False
alpha008,0.22790882412868638,0.03668683341462622,14.198189287409548,0.11732438078628604,2.4209083958807835,1.0,True,True,True,True
alpha152,0.22684713505159101,0.03044029105562726,14.132048528978608,0.23751206212565468,4.288357497262475,0.01056156620298815,True,True,False,False
alpha102,0.2251210475008078,0.024943264610597284,14.031742700685466,0.32745281979128665,6.96040247749509,0.0,True,True,False,False
alpha109,-0.22507384787434284,-0.023194151229548942,-9.880203575491112,-0.061970932067057984,-2.348350151872945,1.0,True,True,True,True
alpha065,0.22488865679219555,0.036496839969582286,14.00823482315798,0.04399702296677294,0.7799266058018587,,True,False,False,False
alpha157,-0.22475145904411975,-0.033009196872382594,-14.001492791380844,-0.20117396863258205,-3.279084015013919,0.015971148892323546,True,True,False,False
alpha159,-0.22356625857273996,-0.023575816859809702,-13.92765756055768,-0.20926350713462874,-4.267042071058071,0.00025759917568263783,True,True,False,False
alpha161,-0.220536240592507,-0.016493647058242765,-13.730041540916208,-0.0577769576993554,-4.062156966430204,1.0,True,True,True,True
alpha045,-0.22043845038792775,-0.07225603857462679,-7.504626237497135,-9.310437972330492,-2.4205510735679074,1.0,True,True,True,True
alpha147,0.21285032531208625,0.025468617055253596,13.258371416715873,0.07870380044789496,2.1536094292403063,1.0,True,True,True,True
alpha153,-0.21279530122930565,-0.030663900985690086,-13.25665198737134,-0.224227703346737,-3.838231198218051,0.010046367851622875,True,True,False,False
alpha096,0.21103396319803439,0.03968399144346554,13.153698001916585,0.22137918767169124,3.4937017408731403,0.9969119917653114,True,True,True,True
alpha084,0.20958564904665566,0.0389832744199101,13.029756239722218,0.10319748927509188,1.7703046061711223,,True,False,False,False
alpha043,-0.2071752836316069,-0.06812530416669921,-7.053093807212748,33.04637466307133,0.8783599343986318,,True,False,False,False
alpha042,0.206891469240509,0.022912926514886345,12.887196381395231,0.18229765783260213,4.257462790818148,0.04715279567121876,True,True,False,False
alpha154,0.20506530841635479,0.026452469585566057,12.7750914266156,0.2329477316035555,4.251889358122671,0.006697578567748583,True,True,False,False
alpha055,0.20391935028117233,0.025908154454989812,12.703700902001334,0.17103751701427336,3.268728781156692,0.9997424008243173,True,True,True,True
alpha047,0.2038954242558218,0.030722259282781106,12.707118800974545,0.08875044612395645,1.472462515346632,,True,False,False,False
alpha046,-0.20083243175464485,-0.05836457221754856,-0.6350879123750041,-1.869687090422619,-0.783798758363315,,True,False,False,False
alpha062,0.20078786058168827,0.0320625665564127,12.511839006633688,-0.02464626971522634,-0.4727726083242924,,True,False,False,False
alpha063,0.20047648926727243,0.03195737848905728,12.490827591130596,-0.028012784898144964,-0.5202453485917132,,True,False,False,False
alpha155,-0.2000487392496417,-0.028560779591705984,-12.462570843550514,-0.22079296135311685,-3.6206432734353227,0.0061823802163833074,True,True,False,False
alpha053,0.19709416848829228,0.02438868166311714,12.281671302875301,0.17666867401446246,3.4830398680290737,0.9997425334706488,True,True,True,True
alpha064,0.19466721464521136,0.03130727419614573,12.127314386146256,-0.044605882016988875,-0.8053501886598753,,True,False,False,False
alpha183,0.19292597889694096,0.013228628461573685,12.006445698042244,0.03855398022632064,2.897495344664659,1.0,True,True,True,True
alpha156,0.19272749749114076,0.02653823052098895,12.006474522122478,0.20832326858956807,3.625637089309598,0.012622359608449252,True,True,False,False
alpha158,0.19010611678193626,0.018201447325520346,11.843168605179857,0.2214087180095548,4.709701408824615,0.0,True,True,False,False
alpha132,0.18887677181794316,0.02134950059723454,11.766583275212808,0.08228005720017935,1.7543735576173591,,True,False,False,False
alpha164,0.18823422134572199,0.013299381383986666,11.718997619417067,0.04137711391304392,3.0552325506095546,1.0,True,True,True,True
alpha054,0.18756049405212524,0.023649512734642428,11.686087494224836,0.13982605510612822,2.69213123539103,1.0,True,True,True,True
alpha089,0.18755138005341943,0.028834875946616424,11.670459033786807,0.04383179369887467,0.8559820899834517,,True,False,False,False
alpha106,0.17944294930811128,0.014606342047624005,11.177437791319008,0.011308177675977464,0.6706649511661076,,True,False,False,False
alpha184,-0.17717129506176965,-0.012296619173288148,-11.027401009913062,0.003232769210843488,0.2279331201446208,,True,False,False,False
alpha149,0.1758739904534853,0.021153619989731087,10.955128607641566,-0.0319776892720026,-0.8450724231108446,,True,False,False,False
alpha145,0.17504597787936307,0.0197096939732001,10.903551997508004,0.0228199216681676,0.6326243123409032,,True,False,False,False
alpha165,-0.17025951686045873,-0.011928272581555802,-10.5999369217045,-0.04059335637863897,-3.1161476978000624,1.0,True,True,True,True
alpha146,0.1674990061690352,0.01637391865102468,10.433453801227293,0.10233082738352688,3.3214447938294636,1.0,True,True,True,True
alpha134,0.165841275736202,0.02006579315256559,10.331525484237282,-0.04154563191866458,-0.9952679140673205,,True,False,False,False
alpha179,0.16425852809444136,0.018847420178818228,10.225010914446033,0.055895658287121,1.1659414870204474,,True,False,False,False
alpha090,0.16306713105509785,0.025371822023072046,10.133805514630092,0.026649960139335904,0.5258187718293672,,True,False,False,False
alpha028,0.16152254538677632,0.020874925326995492,10.06118217471019,0.020763696330841484,0.5372012838214489,,True,False,False,False
alpha175,-0.16028365116243407,-0.030931873070075312,-9.984011892032585,-0.1241757436508672,-3.5575865176757757,1.0,True,True,True,True
alpha131,0.15977028960236653,0.020591943312071623,9.937917503476548,-0.09055213921592287,-1.5694713482957467,,True,False,False,False
alpha044,-0.15902453087313817,-0.05143432131923273,-5.413845291944509,-5.4484829713090805,-0.33563362705771604,,True,False,False,False
alpha079,0.1556721392475977,0.02518609097470102,9.698011949574042,0.2170391961454747,3.8750472819949056,1.0,True,True,True,True
alpha026,0.15565368691340076,0.02003246648113487,9.698111605331794,0.05101174435726392,1.3559114383565831,,True,False,False,False
alpha107,0.1536772081850444,0.012479598799481953,9.572498897588444,-0.007884848375082286,-0.45484623820007697,,True,False,False,False
alpha019,0.14912641934723325,0.027874736752886962,9.287834754488308,0.10863994180035327,1.8306867955631319,,True,False,False,False
alpha018,0.14827996197446475,0.018104921002819258,9.241066097929913,0.11422489209190911,2.4513810506196294,0.9994851994851995,True,True,True,True
alpha052,0.14827996197446475,0.018104921002819258,9.241066097929913,0.11422489209190911,2.4513810506196294,0.9994851994851995,True,True,True,True
alpha095,0.14528050907448545,0.020884977280722524,9.04130461413147,-0.04546333091145826,-0.7588508376673492,,True,False,False,False
alpha036,0.14509427286332635,0.015850585255891,9.041364241798597,0.13587808191664436,3.260110315928954,0.044284243048403706,True,True,False,False
alpha017,0.14342787765208526,0.02548825349900279,8.938675732173278,0.02706051489440764,0.4647539016925131,,True,False,False,False
alpha025,0.14123647556164942,0.018799603739022865,8.800970531646135,0.036569851486953714,0.941125004142641,,True,False,False,False
alpha006,0.1396074455455522,0.01873193745842626,8.68488482112971,-0.3977325292811973,-6.540058682066486,0.0,True,True,False,False
alpha120,0.1353156595497929,0.014989591225104149,8.433108137699408,0.1009696919119383,2.683113771167307,0.9984555984555985,True,True,True,True
alpha180,-0.13470742906144445,-0.015612200022319521,-8.386551760901359,0.0656421793094253,1.2967339515512564,,True,False,False,False
alpha022,0.13422505079802505,0.010999552817408791,8.360830899828182,-9.360163225117065e-05,-0.00563403811251589,,True,False,False,False
alpha074,0.13422505079802505,0.010999552817408791,8.360830899828182,-9.360163225117065e-05,-0.00563403811251589,,True,False,False,False
alpha080,0.12914766539642847,0.02057812988284846,8.040414609595718,0.19350447672118365,3.59501878901528,1.0,True,True,True,True
alpha128,0.12864375835922853,0.014740338205663398,8.017303607674776,-0.048831646088048825,-1.4001793909238813,,True,False,False,False
alpha103,0.12811698904884875,0.016500726401326375,7.9855022259237325,0.18526232910173582,4.507071267728034,0.6873391662377767,True,True,True,True
alpha111,0.12746131741704528,0.010273015844779241,7.939520341823706,0.100368867267824,6.41573723531103,1.0,True,True,True,True
alpha177,0.124107068491358,0.01427714219538449,7.7315815088881905,0.04657299667953144,1.3062908987179296,,True,False,False,False
alpha040,0.12314244098634204,0.013569421190557358,7.671487460487832,0.018099069046246644,0.4304094262806859,,True,False,False,False
alpha113,-0.12273718380759809,-0.009845762565946364,-7.645255731589235,-0.06337187302856268,-4.024919909368076,1.0,True,True,True,True
alpha038,0.12016954898634087,0.01319268762389701,7.487247624788418,0.038723936900441805,0.9584277508552161,,True,False,False,False
alpha114,0.11844193668968417,0.010594078983239868,7.377706309090667,-0.006264819283742916,-0.3925971050349088,,True,False,False,False
alpha173,-0.1159416288715492,-0.019358145554755485,-7.215445421854975,-0.005920637129050393,-4.394924249679068,1.0,True,True,True,True
alpha138,-0.11491601346563221,-0.011494301882035275,-7.159000172886175,-0.050283292892654693,-0.8619848063660175,,True,False,False,False
alpha099,-0.11451136304878995,-0.00961203510404331,-7.085838788136533,-0.44074776739807575,-6.032787913132821,0.0,True,True,False,False
alpha100,-0.11423983170371571,-0.014602225243024741,-7.120542225756998,-0.21107106222246746,-5.07940227326965,0.9698919197117859,True,True,True,True
alpha174,-0.11245711693713946,-0.0216355679020032,-6.99226485319162,-0.1298535261266032,-2.1632658482734453,0.9994828032066201,True,True,True,True
alpha135,-0.10890880703988177,-0.008960419473770657,-6.728590233733603,-0.42811776016700787,-7.138237160196024,0.0,True,True,False,False
alpha076,0.10672517713636623,0.01776845967668866,6.648730133673282,0.14410376245476614,2.7822026637574955,1.0,True,True,True,True
alpha081,0.10616992212870506,0.016421397928214402,6.601344896487074,0.17062820006117418,3.3533436166217396,1.0,True,True,True,True
alpha015,0.10357477269915699,0.011088074379459568,6.45496065581542,27.381902010137775,23.27764828453135,0.9485199485199485,True,True,True,True
alpha034,0.10244019450453717,0.010992105056425094,6.384251761976094,0.11097263234747827,2.4943667201039297,0.04658944658944659,True,True,False,False
alpha077,0.10041142674413485,0.016711699304428427,6.25136737923734,0.13638592687822668,2.6423321548415744,1.0,True,True,True,True
alpha126,0.10014984077126066,0.007589191426209175,6.241512918810665,0.17635611552268543,5.062456014509894,0.004633204633204633,True,True,False,False
alpha004,0.09789762311349873,0.010192698698250808,6.09643643471457,0.009600531490745452,0.7225111551771297,,True,False,False,False
alpha020,0.09764437553227873,0.01420521189498944,6.0814497432364725,0.024281995837659557,0.48899085105288115,,True,False,False,False
alpha078,0.09479960769332756,0.015754421752339463,5.894370965787177,0.12660127952414535,2.463921023479957,1.0,True,True,True,True
alpha118,0.08963561972392682,0.011574144422396761,5.586248307376585,-0.06583712328901264,-1.480037178487253,,True,False,False,False
alpha013,-0.08374375407515695,-0.010736713205486904,-5.219728777105418,-0.004576140047846306,-4.0890601565475695,1.0,True,True,True,True
alpha002,0.07732542418733564,0.009734551114125483,4.81905543035338,-0.11425227316808553,-2.5565495609162467,0.9981981981981982,True,True,True,True
alpha129,0.07197969663255607,0.00510404747497677,0.7125626423528326,2.4282308455124424,0.6262365789324326,,True,False,False,False
alpha125,-0.06951284320543634,-0.00520812320673668,-4.329372379708562,0.036322424712588106,0.6632444079641534,,True,False,False,False
alpha027,0.0694820383676618,0.008866544168514076,4.3285692714648345,-0.14672077113887713,-3.8144208569127005,1.0,True,True,True,True
alpha122,0.06796228291011484,0.008493701158846487,4.235528119751873,-0.1238944805682724,-3.3204542980918825,0.998970398970399,True,True,True,True
alpha139,0.06780372609031489,0.007038058981038535,4.224014322843362,0.16313897760906715,4.250391982152806,0.00025759917568263783,True,True,False,False
alpha187,0.066345972108564,0.005475498480807853,4.134796808838118,0.10396717374910389,3.276536072192108,0.9981981981981982,True,True,True,True
alpha031,-0.0603095350970409,-0.003955221959217481,-3.754722670392023,-0.10415149299511524,-5.045680562156889,0.0,True,True,False,False
alpha178,-0.05503183532476921,-0.007112203313239333,-3.4292385098797373,0.11040619418919992,2.6057487009766103,0.999484934329127,True,True,True,True
alpha098,-0.054814637525945904,-0.007007161495732118,-3.416583649259411,-0.17599071305827213,-4.365102343998294,0.9508492022645394,True,True,True,True
alpha030,0.05421549621672423,0.0034630517765771945,3.3753228640204744,-0.02807022685990555,-1.4032922810145945,,True,False,False,False
alpha124,-0.05143780008391013,-0.006879722085557492,-3.20569350152232,-0.14607583899016371,-3.7081595313902564,0.9992277992277993,True,True,True,True
alpha189,0.051028296352998936,0.00393700604740554,3.1789440948755123,0.1321199510859841,4.892657391798784,0.005151983513652756,True,True,False,False
alpha024,0.04664288073960443,0.006186804744185979,2.9068657569980645,-0.12908834708446495,-3.307725758633573,,False,True,False,False
alpha130,0.04329855447564831,0.005404797640949037,2.6973991668236157,-0.1925221910015921,-2.896705805493238,,False,True,False,False
alpha172,-0.0411056975656181,-0.00447291964573182,-2.5561663220340125,-0.0003141492858707345,-0.5749967628035525,,False,False,False,False
alpha191,-0.04000997142680609,-0.0020873458383680677,-2.4918857756432025,0.025483963201713287,2.4420857174278017,,False,True,False,False
alpha182,0.03984095481809827,0.003939785516648069,2.4832774774432576,0.06481624245103154,1.571242496792118,,False,False,False,False
alpha112,-0.0378049930922314,-0.0024208990387732,-2.354859637110079,-0.014848532072956751,-1.2589541985849315,,False,False,False,False
alpha032,0.037407448224136546,0.002247040173594855,2.3288953175096307,-0.03651323253908528,-2.046615145958484,,False,True,False,False
alpha104,-0.024946222006062873,-0.0033969630947744377,-1.5548922343300478,-0.15953244451465562,-3.5885412816161644,,False,True,False,False
alpha188,-0.02152065519862555,-0.002010488123080573,-1.341204802814191,0.015767099900351206,0.4499170097686406,,False,False,False,False
alpha127,0.021173626284383514,0.002021439024430378,1.3195773550343233,0.17254429575771008,5.739372925061977,,False,True,False,False
alpha181,0.019612148442677266,0.0017184888001687405,1.2224206657278862,0.08740008746425827,2.305348840301776,,False,True,False,False
alpha186,-0.019483232577050265,-0.0010737192365458316,-1.213603660346968,-0.004763412352159703,-0.43221160584695634,,False,False,False,False
alpha029,0.016856919646681116,0.001129962400060257,1.0494701749653474,-0.07356480241764327,-3.539417455438989,,False,True,False,False
alpha117,-0.01681340957804589,-0.0016804397650868675,-1.043380106218377,0.011024487907480432,0.5428450875915426,,False,False,False,False
alpha012,-0.015856676656382827,-0.0015795904112011836,-0.9871975173245497,-0.09149542315670106,-1.007966879036009,,False,False,False,False
alpha185,-0.014278313723156279,-0.0007715744851983344,-0.889391107429272,0.04751333825367675,4.36733877295235,,False,True,False,False
alpha115,-0.007376835621606188,-0.0004994902078666413,-0.4595004795407814,0.027659975886784663,2.3404054117159405,,False,True,False,False
alpha119,0.007050421176959391,0.0010010525580397462,0.4392814124395804,-0.18274908773385246,-3.996113807287162,,False,True,False,False
alpha190,-0.005264767012773082,-0.0004718549271353406,-0.32798273119629207,0.019080770728146842,0.5656436897650381,,False,False,False,False
alpha007,0.0045219367210058495,0.0005083521816993355,0.2817424235955394,0.03991804818156138,1.6476010860297297,,False,False,False,False
alpha005,0.003911440411036798,0.0005014190452435935,0.24364223859108636,-0.45054815123102937,-6.193078146877685,,False,True,False,False
alpha123,-0.003755916356853614,-0.00029343621612982096,-0.23392454956562544,-0.13803466660881533,-2.8749149070256066,,False,True,False,False
alpha136,0.003226644864884688,0.0003618310302282634,0.20101246509443285,-0.07897346847637363,-1.8890575776029033,,False,False,False,False
alpha097,0.0,0.0,0.0,0.0,0.0,,False,False,False,False
alpha121,0.0,0.0,0.0,0.0,0.0,,False,False,False,False
alpha133,0.0,0.0,0.0,0.0,0.0,,False,False,False,False
