symbol,industry
000006,K
000008,C
000009,J
000012,C
000016,C
000021,C
000025,F
000027,D
000028,F
000029,K
000030,C
000031,K
000032,E
000034,F
000039,C
000042,K
000049,C
000050,C
000060,C
000061,L
000062,F
000066,C
000068,F
000078,F
000088,G
000089,G
000090,E
000099,G
000155,D
000156,I
000158,I
000159,F
000301,C
000400,C
000401,C
000402,K
000403,C
000407,D
000409,I
000410,C
000415,L
000417,F
000422,C
000423,C
000426,B
000428,H
000429,G
000488,C
000501,F
000503,I
000506,B
000507,G
000510,C
000513,C
000514,K
000517,K
000518,C
000519,C
000520,G
000525,C
000528,C
000532,S
000533,C
000536,C
000537,D
000539,D
000541,C
000543,D
000547,C
000548,G
000550,C
000552,B
000553,C
000554,F
000555,I
000559,C
000563,J
000564,F
000565,C
000566,C
000571,B
000572,C
000573,C
000581,C
000582,G
000589,C
000591,D
000592,C
000596,C
000597,C
000598,D
000599,C
000600,D
000601,D
000603,B
000607,L
000608,K
000609,S
000612,C
000617,J
000619,C
000620,K
000623,C
000629,C
000630,C
000631,K
000636,C
000650,C
000652,F
000655,B
000656,K
000657,C
000659,C
000661,C
000669,D
000677,C
000679,F
000680,C
000681,I
000682,I
000683,C
000685,D
000686,J
000688,B
000690,D
000697,C
000698,C
000703,C
000707,C
000708,C
000709,C
000712,J
000713,A
000717,C
000718,K
000719,R
000723,C
000726,C
000727,C
000728,J
000729,C
000731,C
000733,C
000735,A
000737,C
000738,C
000739,C
000750,J
000751,C
000755,G
000758,B
000759,F
000761,C
000762,B
000766,C
000767,D
000777,C
000778,C
000783,J
000785,L
000786,C
000788,C
000793,R
000799,C
000800,C
000807,C
000809,C
000810,C
000813,C
000816,C
000818,C
000819,C
000822,C
000823,C
000825,C
000826,N
000828,G
000829,F
000830,C
000831,C
000837,C
000848,C
000850,C
000852,C
000859,C
000860,C
000869,C
000875,D
000877,C
000878,C
000881,C
000882,L
000883,D
000886,G
000887,C
000893,C
000897,K
000898,C
000899,D
000900,G
000903,C
000905,F
000910,C
000911,C
000912,C
000917,I
000919,C
000921,C
000925,C
000926,K
000927,L
000930,C
000931,C
000932,C
000933,C
000935,C
000936,C
000937,B
000938,C
000949,C
000950,F
000951,C
000952,C
000958,D
000959,C
000960,C
000962,C
000963,F
000965,K
000967,C
000969,C
000970,C
000972,C
000973,C
000975,B
000977,C
000980,C
000981,C
000983,B
000987,J
000988,C
000989,C
000990,C
000997,I
000998,A
000999,C
001203,B
001213,G
001221,C
001227,J
001286,D
001389,C
001696,C
001872,G
001914,K
001965,G
002001,C
002004,C
002005,C
002006,C
002007,C
002008,C
002010,L
002011,C
002019,C
002022,C
002025,C
002028,C
002029,C
002030,C
002032,C
002038,C
002041,A
002044,Q
002048,C
002049,C
002050,C
002051,E
002052,C
002053,D
002056,C
002062,E
002063,I
002064,C
002065,I
002069,A
002073,C
002074,C
002075,C
002078,C
002080,C
002081,E
002083,C
002085,C
002088,C
002091,F
002092,C
002093,I
002097,C
002106,C
002107,C
002109,C
002110,C
002120,G
002121,C
002122,C
002123,I
002124,A
002126,C
002127,L
002128,B
002129,C
002130,C
002131,L
002133,K
002138,C
002140,E
002146,K
002152,C
002153,I
002154,C
002155,B
002156,C
002157,A
002161,C
002167,C
002168,C
002172,Q
002174,I
002176,C
002179,C
002180,C
002181,L
002182,C
002183,L
002185,C
002186,H
002190,C
002191,C
002192,B
002194,C
002195,I
002200,E
002202,C
002203,C
002204,C
002212,I
002216,C
002217,C
002218,C
002219,Q
002221,F
002223,C
002225,C
002226,C
002230,I
002232,I
002233,C
002236,C
002237,C
002238,I
002240,C
002241,C
002242,C
002244,K
002249,C
002250,C
002251,F
002252,C
002254,C
002258,C
002261,I
002262,C
002265,C
002266,N
002267,D
002268,I
002269,C
002271,C
002273,C
002274,C
002275,C
002276,C
002277,F
002281,C
002283,C
002285,K
002287,C
002292,C
002293,C
002294,C
002299,C
002302,C
002303,C
002305,K
002306,H
002309,C
002310,D
002311,C
002312,C
002314,K
002315,I
002317,C
002318,C
002320,G
002322,I
002326,C
002327,C
002328,C
002332,C
002335,C
002340,C
002342,C
002344,L
002345,C
002353,C
002354,I
002358,C
002362,C
002366,C
002368,I
002371,C
002372,C
002373,I
002375,E
002378,C
002382,C
002383,C
002384,C
002385,C
002386,C
002387,C
002390,F
002392,C
002393,C
002396,C
002399,C
002400,L
002402,C
002405,I
002407,C
002408,C
002409,C
002410,I
002414,C
002416,F
002419,F
002422,C
002423,J
002424,C
002426,C
002428,C
002429,C
002430,C
002431,E
002432,C
002434,C
002436,C
002437,C
002439,I
002440,C
002444,C
002449,C
002456,C
002458,A
002460,C
002461,C
002463,C
002465,C
002466,C
002468,G
002470,C
002472,C
002475,C
002479,D
002480,C
002482,E
002487,C
002489,C
002490,C
002491,C
002493,C
002497,C
002498,C
002500,J
002506,C
002507,C
002508,C
002511,C
002512,C
002517,I
002518,C
002531,C
002532,C
002534,C
002544,I
002551,C
002557,C
002558,I
002563,C
002568,C
002572,C
002573,N
002574,C
002581,C
002583,C
002585,C
002588,C
002589,F
002595,C
002600,C
002601,C
002602,I
002603,C
002607,P
002608,D
002612,C
002624,I
002625,C
002635,C
002638,C
002640,F
002642,I
002646,C
002648,C
002651,C
002653,C
002657,I
002662,C
002663,E
002670,J
002672,C
002673,J
002678,C
002681,C
002683,B
002690,C
002698,C
002701,C
002705,C
002707,L
002709,C
002714,A
002727,F
002738,C
002739,R
002745,C
002756,C
002761,E
002773,C
002791,C
002797,J
002807,J
002812,C
002815,C
002818,L
002821,C
002831,C
002837,C
002839,J
002841,C
002850,C
002851,C
002865,C
002867,F
002901,C
002916,C
002920,C
002925,C
002926,J
002936,J
002939,J
002941,E
002945,J
002946,C
002948,J
002957,C
002958,J
002966,J
002984,C
002985,C
003021,C
003022,C
003031,C
003035,M
300001,C
300002,I
300003,C
300009,C
300010,I
300012,M
300014,C
300017,I
300024,C
300026,C
300027,R
300032,C
300033,J
300037,C
300039,C
300043,I
300054,C
300055,C
300058,L
300059,J
300070,N
300072,C
300073,C
300085,I
300088,C
300100,C
300113,I
300115,C
300118,C
300122,C
300133,R
300134,C
300136,C
300140,N
300142,C
300144,R
300146,C
300147,C
300159,C
300166,I
300168,I
300180,C
300182,R
300197,N
300199,C
300207,C
300212,I
300223,C
300244,Q
300251,R
300253,I
300257,C
300266,N
300267,C
300271,I
300274,C
300285,C
300287,I
300291,R
300296,C
300308,C
300315,I
300316,C
300324,I
300339,I
300346,C
300347,M
300357,C
300363,C
300373,C
300376,C
300383,I
300390,C
300394,C
300395,C
300413,I
300418,I
300432,C
300438,C
300442,I
300450,C
300454,I
300458,C
300459,I
300463,C
300474,C
300476,C
300482,C
300487,C
300496,I
300502,C
300529,C
300558,C
300567,C
300568,C
300570,C
300573,C
300595,C
300601,C
300604,C
300618,C
300623,C
300627,C
300676,M
300677,C
300679,C
300682,I
300699,C
300718,C
300724,C
300735,C
300741,C
300748,C
300751,C
300757,C
300763,C
300765,C
300769,C
300776,C
300803,J
300832,C
300850,C
300857,C
300861,C
300866,C
300869,C
300888,C
300919,C
300957,C
300972,F
301029,C
301165,C
301200,C
301236,I
301267,Q
301301,C
301308,C
301358,C
301498,C
301536,C
301611,C
302132,C
600004,G
600006,C
600007,K
600008,D
600012,G
600017,G
600020,G
600021,D
600022,C
600026,G
600027,D
600032,D
600033,G
600035,G
600037,I
600038,C
600039,E
600051,F
600052,L
600053,J
600054,N
600056,F
600058,F
600059,C
600060,C
600061,J
600062,C
600063,C
600064,K
600066,C
600067,C
600072,E
600073,C
600075,C
600078,C
600079,C
600082,F
600088,R
600089,C
600094,K
600095,J
600096,C
600098,D
600103,C
600106,G
600107,C
600108,A
600109,J
600110,C
600117,C
600118,C
600120,J
600121,B
600125,G
600126,C
600127,C
600128,F
600129,C
600131,I
600132,C
600138,L
600141,C
600143,C
600150,C
600151,C
600153,L
600155,J
600157,D
600158,R
600159,E
600160,C
600161,C
600162,K
600163,D
600166,C
600167,D
600168,D
600169,C
600170,E
600171,C
600176,C
600177,C
600178,C
600179,G
600180,F
600183,C
600184,C
600186,C
600187,D
600188,B
600189,C
600191,C
600192,C
600195,C
600197,C
600198,C
600199,C
600201,C
600202,C
600206,C
600208,K
600210,C
600216,C
600219,C
600223,C
600226,D
600227,C
600230,C
600231,C
600233,G
600236,D
600239,K
600246,K
600249,C
600251,C
600252,C
600255,C
600256,B
600258,H
600259,B
600261,C
600266,K
600267,C
600268,C
600269,G
600271,I
600273,C
600278,F
600280,F
600281,C
600282,C
600284,E
600287,F
600288,C
600289,I
600292,N
600293,C
600295,C
600298,C
600299,C
600300,C
600307,C
600308,C
600312,C
600315,C
600316,C
600320,C
600322,K
600323,N
600325,K
600326,C
600327,Q
600328,C
600329,C
600330,C
600332,C
600333,D
600335,F
600337,F
600338,B
600339,B
600340,K
600343,C
600346,C
600348,B
600350,G
600351,C
600352,C
600359,A
600360,C
600361,C
600363,C
600366,C
600367,C
600369,J
600372,C
600373,R
600376,K
600377,G
600378,C
600380,C
600382,B
600386,F
600388,C
600389,C
600390,J
600391,C
600392,C
600395,B
600396,D
600397,C
600398,C
600399,C
600400,C
600403,B
600406,I
600408,C
600409,C
600410,I
600415,L
600416,C
600418,C
600420,C
600422,C
600423,C
600425,C
600426,C
600428,G
600429,C
600433,C
600435,C
600436,C
600438,C
600439,C
600446,I
600449,C
600456,C
600458,C
600459,C
600460,C
600467,A
600468,C
600469,C
600470,C
600475,N
600478,C
600479,C
600480,C
600481,C
600482,C
600483,D
600486,C
600487,C
600488,C
600489,B
600490,C
600491,E
600496,C
600497,C
600498,C
600499,C
600500,C
600501,C
600503,K
600507,C
600508,B
600509,D
600510,K
600511,F
600515,K
600516,C
600517,J
600521,C
600522,C
600523,C
600525,C
600528,C
600529,C
600530,C
600531,C
600533,K
600535,C
600536,I
600537,C
600540,A
600543,C
600545,C
600546,B
600548,G
600549,C
600551,R
600556,I
600557,C
600562,C
600563,C
600566,C
600567,C
600569,C
600570,I
600572,C
600575,G
600578,D
600580,C
600581,C
600582,C
600583,B
600584,C
600586,C
600587,C
600589,I
600590,C
600592,C
600594,C
600595,C
600596,C
600597,C
600598,A
600600,C
600601,C
600602,I
600606,E
600609,C
600611,G
600612,C
600616,C
600617,D
600618,C
600620,S
600621,J
600622,K
600623,C
600624,C
600626,C
600628,F
600630,C
600633,I
600635,D
600637,I
600639,K
600640,I
600641,K
600642,D
600643,J
600644,D
600645,C
600648,F
600649,K
600650,G
600651,C
600653,F
600654,L
600655,F
600657,K
600662,L
600663,K
600664,C
600665,K
600667,E
600673,S
600675,K
600676,G
600682,C
600683,K
600685,C
600686,C
600688,C
600692,K
600693,F
600694,F
600699,C
600702,C
600703,C
600704,F
600707,C
600708,K
600710,F
600717,G
600718,I
600720,M
600724,C
600725,F
600726,D
600728,I
600729,F
600732,C
600733,C
600736,K
600737,C
600739,F
600740,C
600743,K
600744,D
600745,C
600748,K
600750,C
600751,G
600754,H
600755,L
600757,R
600759,B
600760,C
600761,C
600763,Q
600764,C
600765,C
600770,D
600773,K
600775,C
600776,C
600777,B
600779,C
600780,D
600782,C
600783,J
600787,G
600789,C
600790,L
600797,I
600798,G
600801,C
600802,C
600803,D
600805,S
600808,C
600809,C
600810,C
600812,C
600815,C
600816,J
600818,C
600819,C
600820,E
600824,F
600825,R
600826,L
600827,F
600829,F
600830,J
600831,I
600834,S
600835,C
600838,F
600839,C
600841,C
600844,C
600845,I
600846,E
600848,K
600850,I
600851,C
600855,C
600858,F
600859,F
600861,L
600862,C
600863,D
600864,J
600866,C
600867,C
600869,C
600871,B
600872,C
600873,C
600874,D
600875,C
600877,C
600879,C
600880,R
600881,C
600884,C
600885,C
600888,C
600894,C
600895,K
600897,G
600901,J
600903,D
600906,J
600908,J
600909,J
600917,D
600925,B
600927,J
600928,J
600936,I
600939,E
600956,D
600959,I
600961,C
600962,C
600963,C
600966,C
600967,C
600968,B
600970,E
600971,B
600973,C
600977,R
600981,F
600983,C
600985,B
600987,C
600988,B
600993,C
600995,D
600996,I
600997,C
600998,F
601000,G
601001,B
601002,C
601003,C
601005,C
601008,G
601010,F
601011,C
601012,C
601016,D
601019,R
601020,B
601058,C
601061,F
601068,E
601077,J
601098,R
601099,J
601100,C
601101,B
601106,C
601107,G
601108,J
601117,E
601118,A
601126,C
601127,C
601128,J
601136,J
601139,D
601155,K
601156,G
601158,D
601162,J
601168,B
601179,C
601187,J
601198,J
601200,N
601208,C
601212,C
601216,C
601226,M
601228,G
601231,C
601233,C
601298,G
601311,C
601326,G
601333,G
601339,C
601369,C
601388,C
601399,C
601456,J
601512,K
601515,C
601519,J
601555,J
601566,C
601567,C
601568,C
601577,J
601588,K
601598,G
601607,F
601608,C
601611,E
601615,C
601616,C
601636,C
601665,J
601666,B
601677,C
601678,C
601689,C
601696,J
601699,B
601717,C
601718,C
601777,C
601778,D
601799,C
601801,R
601811,R
601828,L
601858,R
601860,J
601865,C
601866,G
601868,E
601869,C
601872,G
601880,G
601886,E
601908,C
601918,B
601921,R
601928,R
601929,I
601933,F
601958,B
601965,M
601966,C
601969,B
601975,G
601990,J
601991,D
601992,C
601997,J
601999,R
603000,I
603001,C
603005,C
603019,C
603025,C
603026,C
603049,C
603077,C
603087,C
603127,M
603129,C
603156,C
603160,C
603169,C
603179,C
603185,C
603188,C
603198,C
603218,C
603225,C
603228,C
603233,F
603256,C
603260,C
603267,C
603290,C
603298,C
603305,C
603317,C
603328,C
603338,C
603341,C
603345,C
603355,C
603366,C
603369,C
603377,P
603379,C
603444,I
603456,C
603486,C
603501,C
603515,C
603517,C
603528,I
603529,C
603556,C
603565,G
603567,C
603568,N
603569,G
603589,C
603596,C
603605,C
603606,C
603613,I
603638,C
603650,C
603658,C
603659,C
603688,C
603698,C
603699,C
603707,C
603708,F
603712,C
603719,F
603728,C
603737,C
603766,C
603786,C
603799,C
603806,C
603816,C
603826,C
603833,C
603858,C
603866,C
603868,C
603877,C
603882,Q
603883,F
603885,G
603888,I
603893,C
603899,C
603920,C
603927,I
603939,F
603979,B
603983,C
605117,C
605358,C
605589,C
688002,C
688005,C
688006,C
688009,C
688017,C
688018,I
688019,C
688027,C
688029,C
688032,C
688047,C
688052,I
688063,C
688065,C
688072,C
688082,C
688088,I
688099,I
688100,C
688105,M
688107,C
688114,C
688116,C
688120,C
688122,C
688153,C
688166,C
688169,C
688172,C
688180,C
688183,C
688185,C
688188,I
688192,C
688200,C
688208,C
688213,I
688220,C
688234,C
688235,C
688248,M
688249,C
688256,I
688266,C
688276,C
688278,C
688281,C
688289,C
688295,C
688297,C
688301,C
688318,I
688321,C
688322,C
688331,C
688336,C
688347,C
688348,C
688349,C
688361,C
688363,C
688375,C
688385,C
688387,C
688390,C
688425,C
688469,C
688475,C
688516,C
688520,C
688521,I
688525,C
688536,I
688538,C
688561,I
688563,C
688567,C
688568,I
688578,C
688582,C
688599,C
688608,C
688615,I
688617,C
688629,C
688676,C
688690,C
688692,I
688702,I
688709,C
688728,C
688772,C
688777,I
688778,C
688779,C
688819,C
689009,C
